ID,overetch,distance,coeff(1),coeff(2),coeff(3),coeff(4)
1,0.0,20.0,-1.5,-1.5,-1.5,-1.5
11,0.0,20.0,-1.5,0.0,-1.5,0.0
21,0.0,20.0,-1.5,1.5,-1.5,1.5
10,0.0,20.0,-1.5,0.0,-1.5,-1.5
31,0.0,20.0,0.0,-1.5,0.0,-1.5
20,0.0,20.0,-1.5,1.5,-1.5,0.0
9,0.0,20.0,-1.5,-1.5,1.5,1.5
30,0.0,20.0,0.0,-1.5,-1.5,1.5
19,0.0,20.0,-1.5,1.5,-1.5,-1.5
39,0.0,20.0,0.0,0.0,-1.5,1.5
8,0.0,20.0,-1.5,-1.5,1.5,0.0
29,0.0,20.0,0.0,-1.5,-1.5,0.0
18,0.0,20.0,-1.5,0.0,1.5,1.5
38,0.0,20.0,0.0,0.0,-1.5,0.0
7,0.0,20.0,-1.5,-1.5,1.5,-1.5
28,0.0,20.0,0.0,-1.5,-1.5,-1.5
17,0.0,20.0,-1.5,0.0,1.5,0.0
37,0.0,20.0,0.0,0.0,-1.5,-1.5
6,0.0,20.0,-1.5,-1.5,0.0,1.5
27,0.0,20.0,-1.5,1.5,1.5,1.5
16,0.0,20.0,-1.5,0.0,1.5,-1.5
36,0.0,20.0,0.0,-1.5,1.5,1.5
5,0.0,20.0,-1.5,-1.5,0.0,0.0
26,0.0,20.0,-1.5,1.5,1.5,0.0
15,0.0,20.0,-1.5,0.0,0.0,1.5
35,0.0,20.0,0.0,-1.5,1.5,0.0
4,0.0,20.0,-1.5,-1.5,0.0,-1.5
25,0.0,20.0,-1.5,1.5,1.5,-1.5
14,0.0,20.0,-1.5,0.0,0.0,0.0
34,0.0,20.0,0.0,-1.5,1.5,-1.5
3,0.0,20.0,-1.5,-1.5,-1.5,1.5
24,0.0,20.0,-1.5,1.5,0.0,1.5
13,0.0,20.0,-1.5,0.0,0.0,-1.5
33,0.0,20.0,0.0,-1.5,0.0,1.5
2,0.0,20.0,-1.5,-1.5,-1.5,0.0
23,0.0,20.0,-1.5,1.5,0.0,0.0
12,0.0,20.0,-1.5,0.0,-1.5,1.5
32,0.0,20.0,0.0,-1.5,0.0,0.0
22,0.0,20.0,-1.5,1.5,0.0,-1.5
40,0.0,20.0,0.0,0.0,0.0,-1.5
41,0.0,20.0,0.0,0.0,0.0,0.0
43,0.0,20.0,0.0,0.0,1.5,-1.5
42,0.0,20.0,0.0,0.0,0.0,1.5
44,0.0,20.0,0.0,0.0,1.5,0.0
45,0.0,20.0,0.0,0.0,1.5,1.5
46,0.0,20.0,0.0,1.5,-1.5,-1.5
47,0.0,20.0,0.0,1.5,-1.5,0.0
48,0.0,20.0,0.0,1.5,-1.5,1.5
50,0.0,20.0,0.0,1.5,0.0,0.0
49,0.0,20.0,0.0,1.5,0.0,-1.5
51,0.0,20.0,0.0,1.5,0.0,1.5
52,0.0,20.0,0.0,1.5,1.5,-1.5
53,0.0,20.0,0.0,1.5,1.5,0.0
55,0.0,20.0,1.5,-1.5,-1.5,-1.5
56,0.0,20.0,1.5,-1.5,-1.5,0.0
54,0.0,20.0,0.0,1.5,1.5,1.5
57,0.0,20.0,1.5,-1.5,-1.5,1.5
58,0.0,20.0,1.5,-1.5,0.0,-1.5
59,0.0,20.0,1.5,-1.5,0.0,0.0
61,0.0,20.0,1.5,-1.5,1.5,-1.5
60,0.0,20.0,1.5,-1.5,0.0,1.5
62,0.0,20.0,1.5,-1.5,1.5,0.0
64,0.0,20.0,1.5,0.0,-1.5,-1.5
63,0.0,20.0,1.5,-1.5,1.5,1.5
65,0.0,20.0,1.5,0.0,-1.5,0.0
66,0.0,20.0,1.5,0.0,-1.5,1.5
68,0.0,20.0,1.5,0.0,0.0,0.0
69,0.0,20.0,1.5,0.0,0.0,1.5
67,0.0,20.0,1.5,0.0,0.0,-1.5
70,0.0,20.0,1.5,0.0,1.5,-1.5
71,0.0,20.0,1.5,0.0,1.5,0.0
72,0.0,20.0,1.5,0.0,1.5,1.5
73,0.0,20.0,1.5,1.5,-1.5,-1.5
75,0.0,20.0,1.5,1.5,-1.5,1.5
77,0.0,20.0,1.5,1.5,0.0,0.0
76,0.0,20.0,1.5,1.5,0.0,-1.5
80,0.0,20.0,1.5,1.5,1.5,0.0
81,0.0,20.0,1.5,1.5,1.5,1.5
79,0.0,20.0,1.5,1.5,1.5,-1.5
74,0.0,20.0,1.5,1.5,-1.5,0.0
78,0.0,20.0,1.5,1.5,0.0,1.5
84,0.0,22.5,-1.5,-1.5,-1.5,1.5
82,0.0,22.5,-1.5,-1.5,-1.5,-1.5
87,0.0,22.5,-1.5,-1.5,0.0,1.5
83,0.0,22.5,-1.5,-1.5,-1.5,0.0
88,0.0,22.5,-1.5,-1.5,1.5,-1.5
86,0.0,22.5,-1.5,-1.5,0.0,0.0
85,0.0,22.5,-1.5,-1.5,0.0,-1.5
91,0.0,22.5,-1.5,0.0,-1.5,-1.5
89,0.0,22.5,-1.5,-1.5,1.5,0.0
90,0.0,22.5,-1.5,-1.5,1.5,1.5
92,0.0,22.5,-1.5,0.0,-1.5,0.0
93,0.0,22.5,-1.5,0.0,-1.5,1.5
94,0.0,22.5,-1.5,0.0,0.0,-1.5
96,0.0,22.5,-1.5,0.0,0.0,1.5
95,0.0,22.5,-1.5,0.0,0.0,0.0
97,0.0,22.5,-1.5,0.0,1.5,-1.5
98,0.0,22.5,-1.5,0.0,1.5,0.0
99,0.0,22.5,-1.5,0.0,1.5,1.5
100,0.0,22.5,-1.5,1.5,-1.5,-1.5
101,0.0,22.5,-1.5,1.5,-1.5,0.0
102,0.0,22.5,-1.5,1.5,-1.5,1.5
103,0.0,22.5,-1.5,1.5,0.0,-1.5
104,0.0,22.5,-1.5,1.5,0.0,0.0
105,0.0,22.5,-1.5,1.5,0.0,1.5
106,0.0,22.5,-1.5,1.5,1.5,-1.5
108,0.0,22.5,-1.5,1.5,1.5,1.5
107,0.0,22.5,-1.5,1.5,1.5,0.0
109,0.0,22.5,0.0,-1.5,-1.5,-1.5
110,0.0,22.5,0.0,-1.5,-1.5,0.0
112,0.0,22.5,0.0,-1.5,0.0,-1.5
111,0.0,22.5,0.0,-1.5,-1.5,1.5
113,0.0,22.5,0.0,-1.5,0.0,0.0
115,0.0,22.5,0.0,-1.5,1.5,-1.5
114,0.0,22.5,0.0,-1.5,0.0,1.5
118,0.0,22.5,0.0,0.0,-1.5,-1.5
117,0.0,22.5,0.0,-1.5,1.5,1.5
119,0.0,22.5,0.0,0.0,-1.5,0.0
116,0.0,22.5,0.0,-1.5,1.5,0.0
120,0.0,22.5,0.0,0.0,-1.5,1.5
124,0.0,22.5,0.0,0.0,1.5,-1.5
123,0.0,22.5,0.0,0.0,0.0,1.5
121,0.0,22.5,0.0,0.0,0.0,-1.5
126,0.0,22.5,0.0,0.0,1.5,1.5
125,0.0,22.5,0.0,0.0,1.5,0.0
122,0.0,22.5,0.0,0.0,0.0,0.0
129,0.0,22.5,0.0,1.5,-1.5,1.5
127,0.0,22.5,0.0,1.5,-1.5,-1.5
128,0.0,22.5,0.0,1.5,-1.5,0.0
131,0.0,22.5,0.0,1.5,0.0,0.0
132,0.0,22.5,0.0,1.5,0.0,1.5
135,0.0,22.5,0.0,1.5,1.5,1.5
130,0.0,22.5,0.0,1.5,0.0,-1.5
133,0.0,22.5,0.0,1.5,1.5,-1.5
134,0.0,22.5,0.0,1.5,1.5,0.0
137,0.0,22.5,1.5,-1.5,-1.5,0.0
138,0.0,22.5,1.5,-1.5,-1.5,1.5
136,0.0,22.5,1.5,-1.5,-1.5,-1.5
139,0.0,22.5,1.5,-1.5,0.0,-1.5
140,0.0,22.5,1.5,-1.5,0.0,0.0
141,0.0,22.5,1.5,-1.5,0.0,1.5
144,0.0,22.5,1.5,-1.5,1.5,1.5
143,0.0,22.5,1.5,-1.5,1.5,0.0
142,0.0,22.5,1.5,-1.5,1.5,-1.5
145,0.0,22.5,1.5,0.0,-1.5,-1.5
147,0.0,22.5,1.5,0.0,-1.5,1.5
149,0.0,22.5,1.5,0.0,0.0,0.0
148,0.0,22.5,1.5,0.0,0.0,-1.5
146,0.0,22.5,1.5,0.0,-1.5,0.0
150,0.0,22.5,1.5,0.0,0.0,1.5
151,0.0,22.5,1.5,0.0,1.5,-1.5
152,0.0,22.5,1.5,0.0,1.5,0.0
153,0.0,22.5,1.5,0.0,1.5,1.5
155,0.0,22.5,1.5,1.5,-1.5,0.0
156,0.0,22.5,1.5,1.5,-1.5,1.5
154,0.0,22.5,1.5,1.5,-1.5,-1.5
158,0.0,22.5,1.5,1.5,0.0,0.0
159,0.0,22.5,1.5,1.5,0.0,1.5
157,0.0,22.5,1.5,1.5,0.0,-1.5
161,0.0,22.5,1.5,1.5,1.5,0.0
160,0.0,22.5,1.5,1.5,1.5,-1.5
165,0.0,25.0,-1.5,-1.5,-1.5,1.5
163,0.0,25.0,-1.5,-1.5,-1.5,-1.5
166,0.0,25.0,-1.5,-1.5,0.0,-1.5
168,0.0,25.0,-1.5,-1.5,0.0,1.5
162,0.0,22.5,1.5,1.5,1.5,1.5
170,0.0,25.0,-1.5,-1.5,1.5,0.0
167,0.0,25.0,-1.5,-1.5,0.0,0.0
164,0.0,25.0,-1.5,-1.5,-1.5,0.0
171,0.0,25.0,-1.5,-1.5,1.5,1.5
169,0.0,25.0,-1.5,-1.5,1.5,-1.5
172,0.0,25.0,-1.5,0.0,-1.5,-1.5
173,0.0,25.0,-1.5,0.0,-1.5,0.0
174,0.0,25.0,-1.5,0.0,-1.5,1.5
175,0.0,25.0,-1.5,0.0,0.0,-1.5
176,0.0,25.0,-1.5,0.0,0.0,0.0
177,0.0,25.0,-1.5,0.0,0.0,1.5
178,0.0,25.0,-1.5,0.0,1.5,-1.5
180,0.0,25.0,-1.5,0.0,1.5,1.5
179,0.0,25.0,-1.5,0.0,1.5,0.0
181,0.0,25.0,-1.5,1.5,-1.5,-1.5
182,0.0,25.0,-1.5,1.5,-1.5,0.0
184,0.0,25.0,-1.5,1.5,0.0,-1.5
183,0.0,25.0,-1.5,1.5,-1.5,1.5
185,0.0,25.0,-1.5,1.5,0.0,0.0
186,0.0,25.0,-1.5,1.5,0.0,1.5
188,0.0,25.0,-1.5,1.5,1.5,0.0
187,0.0,25.0,-1.5,1.5,1.5,-1.5
189,0.0,25.0,-1.5,1.5,1.5,1.5
190,0.0,25.0,0.0,-1.5,-1.5,-1.5
191,0.0,25.0,0.0,-1.5,-1.5,0.0
192,0.0,25.0,0.0,-1.5,-1.5,1.5
193,0.0,25.0,0.0,-1.5,0.0,-1.5
194,0.0,25.0,0.0,-1.5,0.0,0.0
195,0.0,25.0,0.0,-1.5,0.0,1.5
199,0.0,25.0,0.0,0.0,-1.5,-1.5
197,0.0,25.0,0.0,-1.5,1.5,0.0
201,0.0,25.0,0.0,0.0,-1.5,1.5
198,0.0,25.0,0.0,-1.5,1.5,1.5
196,0.0,25.0,0.0,-1.5,1.5,-1.5
200,0.0,25.0,0.0,0.0,-1.5,0.0
202,0.0,25.0,0.0,0.0,0.0,-1.5
204,0.0,25.0,0.0,0.0,0.0,1.5
206,0.0,25.0,0.0,0.0,1.5,0.0
203,0.0,25.0,0.0,0.0,0.0,0.0
205,0.0,25.0,0.0,0.0,1.5,-1.5
208,0.0,25.0,0.0,1.5,-1.5,-1.5
209,0.0,25.0,0.0,1.5,-1.5,0.0
207,0.0,25.0,0.0,0.0,1.5,1.5
211,0.0,25.0,0.0,1.5,0.0,-1.5
210,0.0,25.0,0.0,1.5,-1.5,1.5
213,0.0,25.0,0.0,1.5,0.0,1.5
212,0.0,25.0,0.0,1.5,0.0,0.0
218,0.0,25.0,1.5,-1.5,-1.5,0.0
215,0.0,25.0,0.0,1.5,1.5,0.0
214,0.0,25.0,0.0,1.5,1.5,-1.5
216,0.0,25.0,0.0,1.5,1.5,1.5
217,0.0,25.0,1.5,-1.5,-1.5,-1.5
220,0.0,25.0,1.5,-1.5,0.0,-1.5
219,0.0,25.0,1.5,-1.5,-1.5,1.5
221,0.0,25.0,1.5,-1.5,0.0,0.0
222,0.0,25.0,1.5,-1.5,0.0,1.5
224,0.0,25.0,1.5,-1.5,1.5,0.0
223,0.0,25.0,1.5,-1.5,1.5,-1.5
225,0.0,25.0,1.5,-1.5,1.5,1.5
226,0.0,25.0,1.5,0.0,-1.5,-1.5
227,0.0,25.0,1.5,0.0,-1.5,0.0
228,0.0,25.0,1.5,0.0,-1.5,1.5
230,0.0,25.0,1.5,0.0,0.0,0.0
233,0.0,25.0,1.5,0.0,1.5,0.0
229,0.0,25.0,1.5,0.0,0.0,-1.5
232,0.0,25.0,1.5,0.0,1.5,-1.5
231,0.0,25.0,1.5,0.0,0.0,1.5
235,0.0,25.0,1.5,1.5,-1.5,-1.5
234,0.0,25.0,1.5,0.0,1.5,1.5
236,0.0,25.0,1.5,1.5,-1.5,0.0
237,0.0,25.0,1.5,1.5,-1.5,1.5
238,0.0,25.0,1.5,1.5,0.0,-1.5
240,0.0,25.0,1.5,1.5,0.0,1.5
239,0.0,25.0,1.5,1.5,0.0,0.0
241,0.0,25.0,1.5,1.5,1.5,-1.5
243,0.0,25.0,1.5,1.5,1.5,1.5
246,0.0,27.5,-1.5,-1.5,-1.5,1.5
245,0.0,27.5,-1.5,-1.5,-1.5,0.0
242,0.0,25.0,1.5,1.5,1.5,0.0
249,0.0,27.5,-1.5,-1.5,0.0,1.5
247,0.0,27.5,-1.5,-1.5,0.0,-1.5
250,0.0,27.5,-1.5,-1.5,1.5,-1.5
244,0.0,27.5,-1.5,-1.5,-1.5,-1.5
248,0.0,27.5,-1.5,-1.5,0.0,0.0
251,0.0,27.5,-1.5,-1.5,1.5,0.0
254,0.0,27.5,-1.5,0.0,-1.5,0.0
253,0.0,27.5,-1.5,0.0,-1.5,-1.5
252,0.0,27.5,-1.5,-1.5,1.5,1.5
255,0.0,27.5,-1.5,0.0,-1.5,1.5
257,0.0,27.5,-1.5,0.0,0.0,0.0
256,0.0,27.5,-1.5,0.0,0.0,-1.5
258,0.0,27.5,-1.5,0.0,0.0,1.5
260,0.0,27.5,-1.5,0.0,1.5,0.0
259,0.0,27.5,-1.5,0.0,1.5,-1.5
261,0.0,27.5,-1.5,0.0,1.5,1.5
264,0.0,27.5,-1.5,1.5,-1.5,1.5
262,0.0,27.5,-1.5,1.5,-1.5,-1.5
263,0.0,27.5,-1.5,1.5,-1.5,0.0
265,0.0,27.5,-1.5,1.5,0.0,-1.5
266,0.0,27.5,-1.5,1.5,0.0,0.0
267,0.0,27.5,-1.5,1.5,0.0,1.5
274,0.0,27.5,0.0,-1.5,0.0,-1.5
271,0.0,27.5,0.0,-1.5,-1.5,-1.5
272,0.0,27.5,0.0,-1.5,-1.5,0.0
270,0.0,27.5,-1.5,1.5,1.5,1.5
269,0.0,27.5,-1.5,1.5,1.5,0.0
276,0.0,27.5,0.0,-1.5,0.0,1.5
273,0.0,27.5,0.0,-1.5,-1.5,1.5
268,0.0,27.5,-1.5,1.5,1.5,-1.5
277,0.0,27.5,0.0,-1.5,1.5,-1.5
279,0.0,27.5,0.0,-1.5,1.5,1.5
275,0.0,27.5,0.0,-1.5,0.0,0.0
280,0.0,27.5,0.0,0.0,-1.5,-1.5
281,0.0,27.5,0.0,0.0,-1.5,0.0
282,0.0,27.5,0.0,0.0,-1.5,1.5
283,0.0,27.5,0.0,0.0,0.0,-1.5
278,0.0,27.5,0.0,-1.5,1.5,0.0
284,0.0,27.5,0.0,0.0,0.0,0.0
285,0.0,27.5,0.0,0.0,0.0,1.5
286,0.0,27.5,0.0,0.0,1.5,-1.5
287,0.0,27.5,0.0,0.0,1.5,0.0
289,0.0,27.5,0.0,1.5,-1.5,-1.5
288,0.0,27.5,0.0,0.0,1.5,1.5
290,0.0,27.5,0.0,1.5,-1.5,0.0
291,0.0,27.5,0.0,1.5,-1.5,1.5
292,0.0,27.5,0.0,1.5,0.0,-1.5
293,0.0,27.5,0.0,1.5,0.0,0.0
294,0.0,27.5,0.0,1.5,0.0,1.5
295,0.0,27.5,0.0,1.5,1.5,-1.5
296,0.0,27.5,0.0,1.5,1.5,0.0
298,0.0,27.5,1.5,-1.5,-1.5,-1.5
297,0.0,27.5,0.0,1.5,1.5,1.5
301,0.0,27.5,1.5,-1.5,0.0,-1.5
299,0.0,27.5,1.5,-1.5,-1.5,0.0
302,0.0,27.5,1.5,-1.5,0.0,0.0
300,0.0,27.5,1.5,-1.5,-1.5,1.5
303,0.0,27.5,1.5,-1.5,0.0,1.5
304,0.0,27.5,1.5,-1.5,1.5,-1.5
305,0.0,27.5,1.5,-1.5,1.5,0.0
307,0.0,27.5,1.5,0.0,-1.5,-1.5
308,0.0,27.5,1.5,0.0,-1.5,0.0
310,0.0,27.5,1.5,0.0,0.0,-1.5
311,0.0,27.5,1.5,0.0,0.0,0.0
309,0.0,27.5,1.5,0.0,-1.5,1.5
313,0.0,27.5,1.5,0.0,1.5,-1.5
306,0.0,27.5,1.5,-1.5,1.5,1.5
314,0.0,27.5,1.5,0.0,1.5,0.0
312,0.0,27.5,1.5,0.0,0.0,1.5
315,0.0,27.5,1.5,0.0,1.5,1.5
316,0.0,27.5,1.5,1.5,-1.5,-1.5
319,0.0,27.5,1.5,1.5,0.0,-1.5
318,0.0,27.5,1.5,1.5,-1.5,1.5
317,0.0,27.5,1.5,1.5,-1.5,0.0
321,0.0,27.5,1.5,1.5,0.0,1.5
322,0.0,27.5,1.5,1.5,1.5,-1.5
320,0.0,27.5,1.5,1.5,0.0,0.0
323,0.0,27.5,1.5,1.5,1.5,0.0
324,0.0,27.5,1.5,1.5,1.5,1.5
325,0.0,30.0,-1.5,-1.5,-1.5,-1.5
326,0.0,30.0,-1.5,-1.5,-1.5,0.0
327,0.0,30.0,-1.5,-1.5,-1.5,1.5
328,0.0,30.0,-1.5,-1.5,0.0,-1.5
329,0.0,30.0,-1.5,-1.5,0.0,0.0
330,0.0,30.0,-1.5,-1.5,0.0,1.5
331,0.0,30.0,-1.5,-1.5,1.5,-1.5
333,0.0,30.0,-1.5,-1.5,1.5,1.5
334,0.0,30.0,-1.5,0.0,-1.5,-1.5
332,0.0,30.0,-1.5,-1.5,1.5,0.0
335,0.0,30.0,-1.5,0.0,-1.5,0.0
336,0.0,30.0,-1.5,0.0,-1.5,1.5
337,0.0,30.0,-1.5,0.0,0.0,-1.5
339,0.0,30.0,-1.5,0.0,0.0,1.5
343,0.0,30.0,-1.5,1.5,-1.5,-1.5
341,0.0,30.0,-1.5,0.0,1.5,0.0
342,0.0,30.0,-1.5,0.0,1.5,1.5
344,0.0,30.0,-1.5,1.5,-1.5,0.0
345,0.0,30.0,-1.5,1.5,-1.5,1.5
338,0.0,30.0,-1.5,0.0,0.0,0.0
340,0.0,30.0,-1.5,0.0,1.5,-1.5
347,0.0,30.0,-1.5,1.5,0.0,0.0
346,0.0,30.0,-1.5,1.5,0.0,-1.5
349,0.0,30.0,-1.5,1.5,1.5,-1.5
350,0.0,30.0,-1.5,1.5,1.5,0.0
352,0.0,30.0,0.0,-1.5,-1.5,-1.5
351,0.0,30.0,-1.5,1.5,1.5,1.5
348,0.0,30.0,-1.5,1.5,0.0,1.5
356,0.0,30.0,0.0,-1.5,0.0,0.0
354,0.0,30.0,0.0,-1.5,-1.5,1.5
355,0.0,30.0,0.0,-1.5,0.0,-1.5
353,0.0,30.0,0.0,-1.5,-1.5,0.0
358,0.0,30.0,0.0,-1.5,1.5,-1.5
357,0.0,30.0,0.0,-1.5,0.0,1.5
359,0.0,30.0,0.0,-1.5,1.5,0.0
361,0.0,30.0,0.0,0.0,-1.5,-1.5
360,0.0,30.0,0.0,-1.5,1.5,1.5
362,0.0,30.0,0.0,0.0,-1.5,0.0
363,0.0,30.0,0.0,0.0,-1.5,1.5
364,0.0,30.0,0.0,0.0,0.0,-1.5
365,0.0,30.0,0.0,0.0,0.0,0.0
371,0.0,30.0,0.0,1.5,-1.5,0.0
367,0.0,30.0,0.0,0.0,1.5,-1.5
366,0.0,30.0,0.0,0.0,0.0,1.5
368,0.0,30.0,0.0,0.0,1.5,0.0
369,0.0,30.0,0.0,0.0,1.5,1.5
372,0.0,30.0,0.0,1.5,-1.5,1.5
370,0.0,30.0,0.0,1.5,-1.5,-1.5
373,0.0,30.0,0.0,1.5,0.0,-1.5
375,0.0,30.0,0.0,1.5,0.0,1.5
374,0.0,30.0,0.0,1.5,0.0,0.0
377,0.0,30.0,0.0,1.5,1.5,0.0
376,0.0,30.0,0.0,1.5,1.5,-1.5
379,0.0,30.0,1.5,-1.5,-1.5,-1.5
381,0.0,30.0,1.5,-1.5,-1.5,1.5
378,0.0,30.0,0.0,1.5,1.5,1.5
380,0.0,30.0,1.5,-1.5,-1.5,0.0
382,0.0,30.0,1.5,-1.5,0.0,-1.5
384,0.0,30.0,1.5,-1.5,0.0,1.5
383,0.0,30.0,1.5,-1.5,0.0,0.0
385,0.0,30.0,1.5,-1.5,1.5,-1.5
386,0.0,30.0,1.5,-1.5,1.5,0.0
388,0.0,30.0,1.5,0.0,-1.5,-1.5
391,0.0,30.0,1.5,0.0,0.0,-1.5
390,0.0,30.0,1.5,0.0,-1.5,1.5
389,0.0,30.0,1.5,0.0,-1.5,0.0
387,0.0,30.0,1.5,-1.5,1.5,1.5
392,0.0,30.0,1.5,0.0,0.0,0.0
395,0.0,30.0,1.5,0.0,1.5,0.0
394,0.0,30.0,1.5,0.0,1.5,-1.5
393,0.0,30.0,1.5,0.0,0.0,1.5
397,0.0,30.0,1.5,1.5,-1.5,-1.5
399,0.0,30.0,1.5,1.5,-1.5,1.5
400,0.0,30.0,1.5,1.5,0.0,-1.5
396,0.0,30.0,1.5,0.0,1.5,1.5
398,0.0,30.0,1.5,1.5,-1.5,0.0
401,0.0,30.0,1.5,1.5,0.0,0.0
402,0.0,30.0,1.5,1.5,0.0,1.5
403,0.0,30.0,1.5,1.5,1.5,-1.5
404,0.0,30.0,1.5,1.5,1.5,0.0
405,0.0,30.0,1.5,1.5,1.5,1.5
406,0.125,20.0,-1.5,-1.5,-1.5,-1.5
410,0.125,20.0,-1.5,-1.5,0.0,0.0
409,0.125,20.0,-1.5,-1.5,0.0,-1.5
411,0.125,20.0,-1.5,-1.5,0.0,1.5
407,0.125,20.0,-1.5,-1.5,-1.5,0.0
408,0.125,20.0,-1.5,-1.5,-1.5,1.5
412,0.125,20.0,-1.5,-1.5,1.5,-1.5
413,0.125,20.0,-1.5,-1.5,1.5,0.0
414,0.125,20.0,-1.5,-1.5,1.5,1.5
415,0.125,20.0,-1.5,0.0,-1.5,-1.5
417,0.125,20.0,-1.5,0.0,-1.5,1.5
418,0.125,20.0,-1.5,0.0,0.0,-1.5
416,0.125,20.0,-1.5,0.0,-1.5,0.0
419,0.125,20.0,-1.5,0.0,0.0,0.0
421,0.125,20.0,-1.5,0.0,1.5,-1.5
420,0.125,20.0,-1.5,0.0,0.0,1.5
422,0.125,20.0,-1.5,0.0,1.5,0.0
423,0.125,20.0,-1.5,0.0,1.5,1.5
424,0.125,20.0,-1.5,1.5,-1.5,-1.5
425,0.125,20.0,-1.5,1.5,-1.5,0.0
428,0.125,20.0,-1.5,1.5,0.0,0.0
427,0.125,20.0,-1.5,1.5,0.0,-1.5
429,0.125,20.0,-1.5,1.5,0.0,1.5
431,0.125,20.0,-1.5,1.5,1.5,0.0
430,0.125,20.0,-1.5,1.5,1.5,-1.5
426,0.125,20.0,-1.5,1.5,-1.5,1.5
432,0.125,20.0,-1.5,1.5,1.5,1.5
433,0.125,20.0,0.0,-1.5,-1.5,-1.5
434,0.125,20.0,0.0,-1.5,-1.5,0.0
438,0.125,20.0,0.0,-1.5,0.0,1.5
436,0.125,20.0,0.0,-1.5,0.0,-1.5
440,0.125,20.0,0.0,-1.5,1.5,0.0
439,0.125,20.0,0.0,-1.5,1.5,-1.5
435,0.125,20.0,0.0,-1.5,-1.5,1.5
437,0.125,20.0,0.0,-1.5,0.0,0.0
441,0.125,20.0,0.0,-1.5,1.5,1.5
442,0.125,20.0,0.0,0.0,-1.5,-1.5
443,0.125,20.0,0.0,0.0,-1.5,0.0
445,0.125,20.0,0.0,0.0,0.0,-1.5
444,0.125,20.0,0.0,0.0,-1.5,1.5
447,0.125,20.0,0.0,0.0,0.0,1.5
448,0.125,20.0,0.0,0.0,1.5,-1.5
450,0.125,20.0,0.0,0.0,1.5,1.5
449,0.125,20.0,0.0,0.0,1.5,0.0
446,0.125,20.0,0.0,0.0,0.0,0.0
451,0.125,20.0,0.0,1.5,-1.5,-1.5
452,0.125,20.0,0.0,1.5,-1.5,0.0
453,0.125,20.0,0.0,1.5,-1.5,1.5
454,0.125,20.0,0.0,1.5,0.0,-1.5
455,0.125,20.0,0.0,1.5,0.0,0.0
456,0.125,20.0,0.0,1.5,0.0,1.5
459,0.125,20.0,0.0,1.5,1.5,1.5
460,0.125,20.0,1.5,-1.5,-1.5,-1.5
457,0.125,20.0,0.0,1.5,1.5,-1.5
458,0.125,20.0,0.0,1.5,1.5,0.0
463,0.125,20.0,1.5,-1.5,0.0,-1.5
461,0.125,20.0,1.5,-1.5,-1.5,0.0
464,0.125,20.0,1.5,-1.5,0.0,0.0
462,0.125,20.0,1.5,-1.5,-1.5,1.5
465,0.125,20.0,1.5,-1.5,0.0,1.5
466,0.125,20.0,1.5,-1.5,1.5,-1.5
471,0.125,20.0,1.5,0.0,-1.5,1.5
468,0.125,20.0,1.5,-1.5,1.5,1.5
467,0.125,20.0,1.5,-1.5,1.5,0.0
470,0.125,20.0,1.5,0.0,-1.5,0.0
472,0.125,20.0,1.5,0.0,0.0,-1.5
469,0.125,20.0,1.5,0.0,-1.5,-1.5
473,0.125,20.0,1.5,0.0,0.0,0.0
475,0.125,20.0,1.5,0.0,1.5,-1.5
474,0.125,20.0,1.5,0.0,0.0,1.5
476,0.125,20.0,1.5,0.0,1.5,0.0
477,0.125,20.0,1.5,0.0,1.5,1.5
478,0.125,20.0,1.5,1.5,-1.5,-1.5
480,0.125,20.0,1.5,1.5,-1.5,1.5
482,0.125,20.0,1.5,1.5,0.0,0.0
479,0.125,20.0,1.5,1.5,-1.5,0.0
483,0.125,20.0,1.5,1.5,0.0,1.5
484,0.125,20.0,1.5,1.5,1.5,-1.5
485,0.125,20.0,1.5,1.5,1.5,0.0
481,0.125,20.0,1.5,1.5,0.0,-1.5
487,0.125,22.5,-1.5,-1.5,-1.5,-1.5
486,0.125,20.0,1.5,1.5,1.5,1.5
488,0.125,22.5,-1.5,-1.5,-1.5,0.0
489,0.125,22.5,-1.5,-1.5,-1.5,1.5
491,0.125,22.5,-1.5,-1.5,0.0,0.0
490,0.125,22.5,-1.5,-1.5,0.0,-1.5
492,0.125,22.5,-1.5,-1.5,0.0,1.5
494,0.125,22.5,-1.5,-1.5,1.5,0.0
493,0.125,22.5,-1.5,-1.5,1.5,-1.5
496,0.125,22.5,-1.5,0.0,-1.5,-1.5
495,0.125,22.5,-1.5,-1.5,1.5,1.5
497,0.125,22.5,-1.5,0.0,-1.5,0.0
498,0.125,22.5,-1.5,0.0,-1.5,1.5
501,0.125,22.5,-1.5,0.0,0.0,1.5
499,0.125,22.5,-1.5,0.0,0.0,-1.5
502,0.125,22.5,-1.5,0.0,1.5,-1.5
500,0.125,22.5,-1.5,0.0,0.0,0.0
503,0.125,22.5,-1.5,0.0,1.5,0.0
504,0.125,22.5,-1.5,0.0,1.5,1.5
506,0.125,22.5,-1.5,1.5,-1.5,0.0
507,0.125,22.5,-1.5,1.5,-1.5,1.5
505,0.125,22.5,-1.5,1.5,-1.5,-1.5
510,0.125,22.5,-1.5,1.5,0.0,1.5
508,0.125,22.5,-1.5,1.5,0.0,-1.5
511,0.125,22.5,-1.5,1.5,1.5,-1.5
509,0.125,22.5,-1.5,1.5,0.0,0.0
513,0.125,22.5,-1.5,1.5,1.5,1.5
512,0.125,22.5,-1.5,1.5,1.5,0.0
517,0.125,22.5,0.0,-1.5,0.0,-1.5
514,0.125,22.5,0.0,-1.5,-1.5,-1.5
516,0.125,22.5,0.0,-1.5,-1.5,1.5
515,0.125,22.5,0.0,-1.5,-1.5,0.0
518,0.125,22.5,0.0,-1.5,0.0,0.0
519,0.125,22.5,0.0,-1.5,0.0,1.5
520,0.125,22.5,0.0,-1.5,1.5,-1.5
522,0.125,22.5,0.0,-1.5,1.5,1.5
524,0.125,22.5,0.0,0.0,-1.5,0.0
523,0.125,22.5,0.0,0.0,-1.5,-1.5
521,0.125,22.5,0.0,-1.5,1.5,0.0
525,0.125,22.5,0.0,0.0,-1.5,1.5
527,0.125,22.5,0.0,0.0,0.0,0.0
526,0.125,22.5,0.0,0.0,0.0,-1.5
528,0.125,22.5,0.0,0.0,0.0,1.5
529,0.125,22.5,0.0,0.0,1.5,-1.5
535,0.125,22.5,0.0,1.5,0.0,-1.5
532,0.125,22.5,0.0,1.5,-1.5,-1.5
530,0.125,22.5,0.0,0.0,1.5,0.0
533,0.125,22.5,0.0,1.5,-1.5,0.0
531,0.125,22.5,0.0,0.0,1.5,1.5
534,0.125,22.5,0.0,1.5,-1.5,1.5
537,0.125,22.5,0.0,1.5,0.0,1.5
536,0.125,22.5,0.0,1.5,0.0,0.0
538,0.125,22.5,0.0,1.5,1.5,-1.5
539,0.125,22.5,0.0,1.5,1.5,0.0
540,0.125,22.5,0.0,1.5,1.5,1.5
542,0.125,22.5,1.5,-1.5,-1.5,0.0
543,0.125,22.5,1.5,-1.5,-1.5,1.5
541,0.125,22.5,1.5,-1.5,-1.5,-1.5
547,0.125,22.5,1.5,-1.5,1.5,-1.5
549,0.125,22.5,1.5,-1.5,1.5,1.5
545,0.125,22.5,1.5,-1.5,0.0,0.0
546,0.125,22.5,1.5,-1.5,0.0,1.5
550,0.125,22.5,1.5,0.0,-1.5,-1.5
544,0.125,22.5,1.5,-1.5,0.0,-1.5
548,0.125,22.5,1.5,-1.5,1.5,0.0
552,0.125,22.5,1.5,0.0,-1.5,1.5
553,0.125,22.5,1.5,0.0,0.0,-1.5
555,0.125,22.5,1.5,0.0,0.0,1.5
556,0.125,22.5,1.5,0.0,1.5,-1.5
554,0.125,22.5,1.5,0.0,0.0,0.0
551,0.125,22.5,1.5,0.0,-1.5,0.0
557,0.125,22.5,1.5,0.0,1.5,0.0
559,0.125,22.5,1.5,1.5,-1.5,-1.5
558,0.125,22.5,1.5,0.0,1.5,1.5
560,0.125,22.5,1.5,1.5,-1.5,0.0
561,0.125,22.5,1.5,1.5,-1.5,1.5
562,0.125,22.5,1.5,1.5,0.0,-1.5
564,0.125,22.5,1.5,1.5,0.0,1.5
563,0.125,22.5,1.5,1.5,0.0,0.0
567,0.125,22.5,1.5,1.5,1.5,1.5
565,0.125,22.5,1.5,1.5,1.5,-1.5
566,0.125,22.5,1.5,1.5,1.5,0.0
569,0.125,25.0,-1.5,-1.5,-1.5,0.0
570,0.125,25.0,-1.5,-1.5,-1.5,1.5
568,0.125,25.0,-1.5,-1.5,-1.5,-1.5
571,0.125,25.0,-1.5,-1.5,0.0,-1.5
572,0.125,25.0,-1.5,-1.5,0.0,0.0
573,0.125,25.0,-1.5,-1.5,0.0,1.5
574,0.125,25.0,-1.5,-1.5,1.5,-1.5
578,0.125,25.0,-1.5,0.0,-1.5,0.0
575,0.125,25.0,-1.5,-1.5,1.5,0.0
577,0.125,25.0,-1.5,0.0,-1.5,-1.5
581,0.125,25.0,-1.5,0.0,0.0,0.0
576,0.125,25.0,-1.5,-1.5,1.5,1.5
582,0.125,25.0,-1.5,0.0,0.0,1.5
580,0.125,25.0,-1.5,0.0,0.0,-1.5
583,0.125,25.0,-1.5,0.0,1.5,-1.5
579,0.125,25.0,-1.5,0.0,-1.5,1.5
584,0.125,25.0,-1.5,0.0,1.5,0.0
585,0.125,25.0,-1.5,0.0,1.5,1.5
587,0.125,25.0,-1.5,1.5,-1.5,0.0
590,0.125,25.0,-1.5,1.5,0.0,0.0
586,0.125,25.0,-1.5,1.5,-1.5,-1.5
591,0.125,25.0,-1.5,1.5,0.0,1.5
592,0.125,25.0,-1.5,1.5,1.5,-1.5
589,0.125,25.0,-1.5,1.5,0.0,-1.5
593,0.125,25.0,-1.5,1.5,1.5,0.0
594,0.125,25.0,-1.5,1.5,1.5,1.5
595,0.125,25.0,0.0,-1.5,-1.5,-1.5
588,0.125,25.0,-1.5,1.5,-1.5,1.5
596,0.125,25.0,0.0,-1.5,-1.5,0.0
597,0.125,25.0,0.0,-1.5,-1.5,1.5
599,0.125,25.0,0.0,-1.5,0.0,0.0
601,0.125,25.0,0.0,-1.5,1.5,-1.5
598,0.125,25.0,0.0,-1.5,0.0,-1.5
600,0.125,25.0,0.0,-1.5,0.0,1.5
602,0.125,25.0,0.0,-1.5,1.5,0.0
603,0.125,25.0,0.0,-1.5,1.5,1.5
604,0.125,25.0,0.0,0.0,-1.5,-1.5
605,0.125,25.0,0.0,0.0,-1.5,0.0
606,0.125,25.0,0.0,0.0,-1.5,1.5
609,0.125,25.0,0.0,0.0,0.0,1.5
607,0.125,25.0,0.0,0.0,0.0,-1.5
608,0.125,25.0,0.0,0.0,0.0,0.0
611,0.125,25.0,0.0,0.0,1.5,0.0
612,0.125,25.0,0.0,0.0,1.5,1.5
610,0.125,25.0,0.0,0.0,1.5,-1.5
613,0.125,25.0,0.0,1.5,-1.5,-1.5
616,0.125,25.0,0.0,1.5,0.0,-1.5
614,0.125,25.0,0.0,1.5,-1.5,0.0
615,0.125,25.0,0.0,1.5,-1.5,1.5
617,0.125,25.0,0.0,1.5,0.0,0.0
620,0.125,25.0,0.0,1.5,1.5,0.0
622,0.125,25.0,1.5,-1.5,-1.5,-1.5
619,0.125,25.0,0.0,1.5,1.5,-1.5
621,0.125,25.0,0.0,1.5,1.5,1.5
618,0.125,25.0,0.0,1.5,0.0,1.5
623,0.125,25.0,1.5,-1.5,-1.5,0.0
624,0.125,25.0,1.5,-1.5,-1.5,1.5
625,0.125,25.0,1.5,-1.5,0.0,-1.5
627,0.125,25.0,1.5,-1.5,0.0,1.5
626,0.125,25.0,1.5,-1.5,0.0,0.0
628,0.125,25.0,1.5,-1.5,1.5,-1.5
633,0.125,25.0,1.5,0.0,-1.5,1.5
631,0.125,25.0,1.5,0.0,-1.5,-1.5
629,0.125,25.0,1.5,-1.5,1.5,0.0
632,0.125,25.0,1.5,0.0,-1.5,0.0
634,0.125,25.0,1.5,0.0,0.0,-1.5
630,0.125,25.0,1.5,-1.5,1.5,1.5
635,0.125,25.0,1.5,0.0,0.0,0.0
636,0.125,25.0,1.5,0.0,0.0,1.5
638,0.125,25.0,1.5,0.0,1.5,0.0
639,0.125,25.0,1.5,0.0,1.5,1.5
637,0.125,25.0,1.5,0.0,1.5,-1.5
643,0.125,25.0,1.5,1.5,0.0,-1.5
642,0.125,25.0,1.5,1.5,-1.5,1.5
644,0.125,25.0,1.5,1.5,0.0,0.0
640,0.125,25.0,1.5,1.5,-1.5,-1.5
641,0.125,25.0,1.5,1.5,-1.5,0.0
645,0.125,25.0,1.5,1.5,0.0,1.5
648,0.125,25.0,1.5,1.5,1.5,1.5
647,0.125,25.0,1.5,1.5,1.5,0.0
646,0.125,25.0,1.5,1.5,1.5,-1.5
651,0.125,27.5,-1.5,-1.5,-1.5,1.5
652,0.125,27.5,-1.5,-1.5,0.0,-1.5
649,0.125,27.5,-1.5,-1.5,-1.5,-1.5
653,0.125,27.5,-1.5,-1.5,0.0,0.0
654,0.125,27.5,-1.5,-1.5,0.0,1.5
650,0.125,27.5,-1.5,-1.5,-1.5,0.0
655,0.125,27.5,-1.5,-1.5,1.5,-1.5
656,0.125,27.5,-1.5,-1.5,1.5,0.0
657,0.125,27.5,-1.5,-1.5,1.5,1.5
658,0.125,27.5,-1.5,0.0,-1.5,-1.5
659,0.125,27.5,-1.5,0.0,-1.5,0.0
660,0.125,27.5,-1.5,0.0,-1.5,1.5
661,0.125,27.5,-1.5,0.0,0.0,-1.5
662,0.125,27.5,-1.5,0.0,0.0,0.0
663,0.125,27.5,-1.5,0.0,0.0,1.5
665,0.125,27.5,-1.5,0.0,1.5,0.0
664,0.125,27.5,-1.5,0.0,1.5,-1.5
667,0.125,27.5,-1.5,1.5,-1.5,-1.5
666,0.125,27.5,-1.5,0.0,1.5,1.5
668,0.125,27.5,-1.5,1.5,-1.5,0.0
669,0.125,27.5,-1.5,1.5,-1.5,1.5
670,0.125,27.5,-1.5,1.5,0.0,-1.5
672,0.125,27.5,-1.5,1.5,0.0,1.5
671,0.125,27.5,-1.5,1.5,0.0,0.0
677,0.125,27.5,0.0,-1.5,-1.5,0.0
673,0.125,27.5,-1.5,1.5,1.5,-1.5
676,0.125,27.5,0.0,-1.5,-1.5,-1.5
675,0.125,27.5,-1.5,1.5,1.5,1.5
674,0.125,27.5,-1.5,1.5,1.5,0.0
678,0.125,27.5,0.0,-1.5,-1.5,1.5
679,0.125,27.5,0.0,-1.5,0.0,-1.5
680,0.125,27.5,0.0,-1.5,0.0,0.0
681,0.125,27.5,0.0,-1.5,0.0,1.5
682,0.125,27.5,0.0,-1.5,1.5,-1.5
683,0.125,27.5,0.0,-1.5,1.5,0.0
687,0.125,27.5,0.0,0.0,-1.5,1.5
685,0.125,27.5,0.0,0.0,-1.5,-1.5
688,0.125,27.5,0.0,0.0,0.0,-1.5
686,0.125,27.5,0.0,0.0,-1.5,0.0
684,0.125,27.5,0.0,-1.5,1.5,1.5
689,0.125,27.5,0.0,0.0,0.0,0.0
690,0.125,27.5,0.0,0.0,0.0,1.5
691,0.125,27.5,0.0,0.0,1.5,-1.5
692,0.125,27.5,0.0,0.0,1.5,0.0
693,0.125,27.5,0.0,0.0,1.5,1.5
694,0.125,27.5,0.0,1.5,-1.5,-1.5
695,0.125,27.5,0.0,1.5,-1.5,0.0
696,0.125,27.5,0.0,1.5,-1.5,1.5
699,0.125,27.5,0.0,1.5,0.0,1.5
702,0.125,27.5,0.0,1.5,1.5,1.5
698,0.125,27.5,0.0,1.5,0.0,0.0
700,0.125,27.5,0.0,1.5,1.5,-1.5
697,0.125,27.5,0.0,1.5,0.0,-1.5
703,0.125,27.5,1.5,-1.5,-1.5,-1.5
704,0.125,27.5,1.5,-1.5,-1.5,0.0
701,0.125,27.5,0.0,1.5,1.5,0.0
705,0.125,27.5,1.5,-1.5,-1.5,1.5
711,0.125,27.5,1.5,-1.5,1.5,1.5
710,0.125,27.5,1.5,-1.5,1.5,0.0
708,0.125,27.5,1.5,-1.5,0.0,1.5
709,0.125,27.5,1.5,-1.5,1.5,-1.5
707,0.125,27.5,1.5,-1.5,0.0,0.0
706,0.125,27.5,1.5,-1.5,0.0,-1.5
713,0.125,27.5,1.5,0.0,-1.5,0.0
712,0.125,27.5,1.5,0.0,-1.5,-1.5
714,0.125,27.5,1.5,0.0,-1.5,1.5
715,0.125,27.5,1.5,0.0,0.0,-1.5
716,0.125,27.5,1.5,0.0,0.0,0.0
721,0.125,27.5,1.5,1.5,-1.5,-1.5
717,0.125,27.5,1.5,0.0,0.0,1.5
722,0.125,27.5,1.5,1.5,-1.5,0.0
718,0.125,27.5,1.5,0.0,1.5,-1.5
719,0.125,27.5,1.5,0.0,1.5,0.0
720,0.125,27.5,1.5,0.0,1.5,1.5
723,0.125,27.5,1.5,1.5,-1.5,1.5
724,0.125,27.5,1.5,1.5,0.0,-1.5
726,0.125,27.5,1.5,1.5,0.0,1.5
725,0.125,27.5,1.5,1.5,0.0,0.0
728,0.125,27.5,1.5,1.5,1.5,0.0
727,0.125,27.5,1.5,1.5,1.5,-1.5
729,0.125,27.5,1.5,1.5,1.5,1.5
730,0.125,30.0,-1.5,-1.5,-1.5,-1.5
731,0.125,30.0,-1.5,-1.5,-1.5,0.0
732,0.125,30.0,-1.5,-1.5,-1.5,1.5
733,0.125,30.0,-1.5,-1.5,0.0,-1.5
734,0.125,30.0,-1.5,-1.5,0.0,0.0
736,0.125,30.0,-1.5,-1.5,1.5,-1.5
735,0.125,30.0,-1.5,-1.5,0.0,1.5
737,0.125,30.0,-1.5,-1.5,1.5,0.0
738,0.125,30.0,-1.5,-1.5,1.5,1.5
739,0.125,30.0,-1.5,0.0,-1.5,-1.5
742,0.125,30.0,-1.5,0.0,0.0,-1.5
741,0.125,30.0,-1.5,0.0,-1.5,1.5
740,0.125,30.0,-1.5,0.0,-1.5,0.0
743,0.125,30.0,-1.5,0.0,0.0,0.0
744,0.125,30.0,-1.5,0.0,0.0,1.5
746,0.125,30.0,-1.5,0.0,1.5,0.0
745,0.125,30.0,-1.5,0.0,1.5,-1.5
748,0.125,30.0,-1.5,1.5,-1.5,-1.5
751,0.125,30.0,-1.5,1.5,0.0,-1.5
747,0.125,30.0,-1.5,0.0,1.5,1.5
750,0.125,30.0,-1.5,1.5,-1.5,1.5
749,0.125,30.0,-1.5,1.5,-1.5,0.0
753,0.125,30.0,-1.5,1.5,0.0,1.5
754,0.125,30.0,-1.5,1.5,1.5,-1.5
755,0.125,30.0,-1.5,1.5,1.5,0.0
757,0.125,30.0,0.0,-1.5,-1.5,-1.5
752,0.125,30.0,-1.5,1.5,0.0,0.0
759,0.125,30.0,0.0,-1.5,-1.5,1.5
760,0.125,30.0,0.0,-1.5,0.0,-1.5
761,0.125,30.0,0.0,-1.5,0.0,0.0
756,0.125,30.0,-1.5,1.5,1.5,1.5
758,0.125,30.0,0.0,-1.5,-1.5,0.0
762,0.125,30.0,0.0,-1.5,0.0,1.5
763,0.125,30.0,0.0,-1.5,1.5,-1.5
764,0.125,30.0,0.0,-1.5,1.5,0.0
766,0.125,30.0,0.0,0.0,-1.5,-1.5
767,0.125,30.0,0.0,0.0,-1.5,0.0
768,0.125,30.0,0.0,0.0,-1.5,1.5
765,0.125,30.0,0.0,-1.5,1.5,1.5
771,0.125,30.0,0.0,0.0,0.0,1.5
772,0.125,30.0,0.0,0.0,1.5,-1.5
770,0.125,30.0,0.0,0.0,0.0,0.0
773,0.125,30.0,0.0,0.0,1.5,0.0
774,0.125,30.0,0.0,0.0,1.5,1.5
769,0.125,30.0,0.0,0.0,0.0,-1.5
776,0.125,30.0,0.0,1.5,-1.5,0.0
775,0.125,30.0,0.0,1.5,-1.5,-1.5
777,0.125,30.0,0.0,1.5,-1.5,1.5
778,0.125,30.0,0.0,1.5,0.0,-1.5
779,0.125,30.0,0.0,1.5,0.0,0.0
780,0.125,30.0,0.0,1.5,0.0,1.5
781,0.125,30.0,0.0,1.5,1.5,-1.5
782,0.125,30.0,0.0,1.5,1.5,0.0
783,0.125,30.0,0.0,1.5,1.5,1.5
784,0.125,30.0,1.5,-1.5,-1.5,-1.5
785,0.125,30.0,1.5,-1.5,-1.5,0.0
786,0.125,30.0,1.5,-1.5,-1.5,1.5
787,0.125,30.0,1.5,-1.5,0.0,-1.5
788,0.125,30.0,1.5,-1.5,0.0,0.0
790,0.125,30.0,1.5,-1.5,1.5,-1.5
792,0.125,30.0,1.5,-1.5,1.5,1.5
789,0.125,30.0,1.5,-1.5,0.0,1.5
791,0.125,30.0,1.5,-1.5,1.5,0.0
795,0.125,30.0,1.5,0.0,-1.5,1.5
794,0.125,30.0,1.5,0.0,-1.5,0.0
793,0.125,30.0,1.5,0.0,-1.5,-1.5
796,0.125,30.0,1.5,0.0,0.0,-1.5
797,0.125,30.0,1.5,0.0,0.0,0.0
800,0.125,30.0,1.5,0.0,1.5,0.0
799,0.125,30.0,1.5,0.0,1.5,-1.5
801,0.125,30.0,1.5,0.0,1.5,1.5
798,0.125,30.0,1.5,0.0,0.0,1.5
802,0.125,30.0,1.5,1.5,-1.5,-1.5
804,0.125,30.0,1.5,1.5,-1.5,1.5
805,0.125,30.0,1.5,1.5,0.0,-1.5
803,0.125,30.0,1.5,1.5,-1.5,0.0
806,0.125,30.0,1.5,1.5,0.0,0.0
808,0.125,30.0,1.5,1.5,1.5,-1.5
812,0.25,20.0,-1.5,-1.5,-1.5,0.0
809,0.125,30.0,1.5,1.5,1.5,0.0
807,0.125,30.0,1.5,1.5,0.0,1.5
810,0.125,30.0,1.5,1.5,1.5,1.5
811,0.25,20.0,-1.5,-1.5,-1.5,-1.5
813,0.25,20.0,-1.5,-1.5,-1.5,1.5
814,0.25,20.0,-1.5,-1.5,0.0,-1.5
816,0.25,20.0,-1.5,-1.5,0.0,1.5
815,0.25,20.0,-1.5,-1.5,0.0,0.0
818,0.25,20.0,-1.5,-1.5,1.5,0.0
817,0.25,20.0,-1.5,-1.5,1.5,-1.5
820,0.25,20.0,-1.5,0.0,-1.5,-1.5
822,0.25,20.0,-1.5,0.0,-1.5,1.5
819,0.25,20.0,-1.5,-1.5,1.5,1.5
821,0.25,20.0,-1.5,0.0,-1.5,0.0
824,0.25,20.0,-1.5,0.0,0.0,0.0
823,0.25,20.0,-1.5,0.0,0.0,-1.5
826,0.25,20.0,-1.5,0.0,1.5,-1.5
827,0.25,20.0,-1.5,0.0,1.5,0.0
825,0.25,20.0,-1.5,0.0,0.0,1.5
828,0.25,20.0,-1.5,0.0,1.5,1.5
829,0.25,20.0,-1.5,1.5,-1.5,-1.5
830,0.25,20.0,-1.5,1.5,-1.5,0.0
831,0.25,20.0,-1.5,1.5,-1.5,1.5
832,0.25,20.0,-1.5,1.5,0.0,-1.5
834,0.25,20.0,-1.5,1.5,0.0,1.5
833,0.25,20.0,-1.5,1.5,0.0,0.0
835,0.25,20.0,-1.5,1.5,1.5,-1.5
837,0.25,20.0,-1.5,1.5,1.5,1.5
838,0.25,20.0,0.0,-1.5,-1.5,-1.5
836,0.25,20.0,-1.5,1.5,1.5,0.0
840,0.25,20.0,0.0,-1.5,-1.5,1.5
841,0.25,20.0,0.0,-1.5,0.0,-1.5
839,0.25,20.0,0.0,-1.5,-1.5,0.0
842,0.25,20.0,0.0,-1.5,0.0,0.0
843,0.25,20.0,0.0,-1.5,0.0,1.5
845,0.25,20.0,0.0,-1.5,1.5,0.0
844,0.25,20.0,0.0,-1.5,1.5,-1.5
847,0.25,20.0,0.0,0.0,-1.5,-1.5
850,0.25,20.0,0.0,0.0,0.0,-1.5
846,0.25,20.0,0.0,-1.5,1.5,1.5
848,0.25,20.0,0.0,0.0,-1.5,0.0
851,0.25,20.0,0.0,0.0,0.0,0.0
852,0.25,20.0,0.0,0.0,0.0,1.5
849,0.25,20.0,0.0,0.0,-1.5,1.5
853,0.25,20.0,0.0,0.0,1.5,-1.5
856,0.25,20.0,0.0,1.5,-1.5,-1.5
857,0.25,20.0,0.0,1.5,-1.5,0.0
854,0.25,20.0,0.0,0.0,1.5,0.0
858,0.25,20.0,0.0,1.5,-1.5,1.5
855,0.25,20.0,0.0,0.0,1.5,1.5
861,0.25,20.0,0.0,1.5,0.0,1.5
860,0.25,20.0,0.0,1.5,0.0,0.0
859,0.25,20.0,0.0,1.5,0.0,-1.5
862,0.25,20.0,0.0,1.5,1.5,-1.5
863,0.25,20.0,0.0,1.5,1.5,0.0
867,0.25,20.0,1.5,-1.5,-1.5,1.5
865,0.25,20.0,1.5,-1.5,-1.5,-1.5
869,0.25,20.0,1.5,-1.5,0.0,0.0
864,0.25,20.0,0.0,1.5,1.5,1.5
866,0.25,20.0,1.5,-1.5,-1.5,0.0
868,0.25,20.0,1.5,-1.5,0.0,-1.5
870,0.25,20.0,1.5,-1.5,0.0,1.5
872,0.25,20.0,1.5,-1.5,1.5,0.0
873,0.25,20.0,1.5,-1.5,1.5,1.5
871,0.25,20.0,1.5,-1.5,1.5,-1.5
876,0.25,20.0,1.5,0.0,-1.5,1.5
877,0.25,20.0,1.5,0.0,0.0,-1.5
875,0.25,20.0,1.5,0.0,-1.5,0.0
874,0.25,20.0,1.5,0.0,-1.5,-1.5
878,0.25,20.0,1.5,0.0,0.0,0.0
879,0.25,20.0,1.5,0.0,0.0,1.5
880,0.25,20.0,1.5,0.0,1.5,-1.5
882,0.25,20.0,1.5,0.0,1.5,1.5
881,0.25,20.0,1.5,0.0,1.5,0.0
883,0.25,20.0,1.5,1.5,-1.5,-1.5
884,0.25,20.0,1.5,1.5,-1.5,0.0
886,0.25,20.0,1.5,1.5,0.0,-1.5
887,0.25,20.0,1.5,1.5,0.0,0.0
885,0.25,20.0,1.5,1.5,-1.5,1.5
888,0.25,20.0,1.5,1.5,0.0,1.5
891,0.25,20.0,1.5,1.5,1.5,1.5
890,0.25,20.0,1.5,1.5,1.5,0.0
892,0.25,22.5,-1.5,-1.5,-1.5,-1.5
889,0.25,20.0,1.5,1.5,1.5,-1.5
895,0.25,22.5,-1.5,-1.5,0.0,-1.5
894,0.25,22.5,-1.5,-1.5,-1.5,1.5
896,0.25,22.5,-1.5,-1.5,0.0,0.0
893,0.25,22.5,-1.5,-1.5,-1.5,0.0
900,0.25,22.5,-1.5,-1.5,1.5,1.5
897,0.25,22.5,-1.5,-1.5,0.0,1.5
898,0.25,22.5,-1.5,-1.5,1.5,-1.5
899,0.25,22.5,-1.5,-1.5,1.5,0.0
901,0.25,22.5,-1.5,0.0,-1.5,-1.5
902,0.25,22.5,-1.5,0.0,-1.5,0.0
903,0.25,22.5,-1.5,0.0,-1.5,1.5
904,0.25,22.5,-1.5,0.0,0.0,-1.5
905,0.25,22.5,-1.5,0.0,0.0,0.0
906,0.25,22.5,-1.5,0.0,0.0,1.5
907,0.25,22.5,-1.5,0.0,1.5,-1.5
908,0.25,22.5,-1.5,0.0,1.5,0.0
910,0.25,22.5,-1.5,1.5,-1.5,-1.5
911,0.25,22.5,-1.5,1.5,-1.5,0.0
909,0.25,22.5,-1.5,0.0,1.5,1.5
912,0.25,22.5,-1.5,1.5,-1.5,1.5
913,0.25,22.5,-1.5,1.5,0.0,-1.5
915,0.25,22.5,-1.5,1.5,0.0,1.5
914,0.25,22.5,-1.5,1.5,0.0,0.0
917,0.25,22.5,-1.5,1.5,1.5,0.0
916,0.25,22.5,-1.5,1.5,1.5,-1.5
918,0.25,22.5,-1.5,1.5,1.5,1.5
920,0.25,22.5,0.0,-1.5,-1.5,0.0
921,0.25,22.5,0.0,-1.5,-1.5,1.5
923,0.25,22.5,0.0,-1.5,0.0,0.0
922,0.25,22.5,0.0,-1.5,0.0,-1.5
919,0.25,22.5,0.0,-1.5,-1.5,-1.5
924,0.25,22.5,0.0,-1.5,0.0,1.5
925,0.25,22.5,0.0,-1.5,1.5,-1.5
927,0.25,22.5,0.0,-1.5,1.5,1.5
926,0.25,22.5,0.0,-1.5,1.5,0.0
930,0.25,22.5,0.0,0.0,-1.5,1.5
928,0.25,22.5,0.0,0.0,-1.5,-1.5
932,0.25,22.5,0.0,0.0,0.0,0.0
933,0.25,22.5,0.0,0.0,0.0,1.5
934,0.25,22.5,0.0,0.0,1.5,-1.5
929,0.25,22.5,0.0,0.0,-1.5,0.0
931,0.25,22.5,0.0,0.0,0.0,-1.5
937,0.25,22.5,0.0,1.5,-1.5,-1.5
936,0.25,22.5,0.0,0.0,1.5,1.5
935,0.25,22.5,0.0,0.0,1.5,0.0
940,0.25,22.5,0.0,1.5,0.0,-1.5
939,0.25,22.5,0.0,1.5,-1.5,1.5
942,0.25,22.5,0.0,1.5,0.0,1.5
941,0.25,22.5,0.0,1.5,0.0,0.0
944,0.25,22.5,0.0,1.5,1.5,0.0
943,0.25,22.5,0.0,1.5,1.5,-1.5
938,0.25,22.5,0.0,1.5,-1.5,0.0
947,0.25,22.5,1.5,-1.5,-1.5,0.0
946,0.25,22.5,1.5,-1.5,-1.5,-1.5
945,0.25,22.5,0.0,1.5,1.5,1.5
948,0.25,22.5,1.5,-1.5,-1.5,1.5
949,0.25,22.5,1.5,-1.5,0.0,-1.5
951,0.25,22.5,1.5,-1.5,0.0,1.5
952,0.25,22.5,1.5,-1.5,1.5,-1.5
953,0.25,22.5,1.5,-1.5,1.5,0.0
956,0.25,22.5,1.5,0.0,-1.5,0.0
955,0.25,22.5,1.5,0.0,-1.5,-1.5
950,0.25,22.5,1.5,-1.5,0.0,0.0
958,0.25,22.5,1.5,0.0,0.0,-1.5
957,0.25,22.5,1.5,0.0,-1.5,1.5
954,0.25,22.5,1.5,-1.5,1.5,1.5
959,0.25,22.5,1.5,0.0,0.0,0.0
960,0.25,22.5,1.5,0.0,0.0,1.5
961,0.25,22.5,1.5,0.0,1.5,-1.5
965,0.25,22.5,1.5,1.5,-1.5,0.0
963,0.25,22.5,1.5,0.0,1.5,1.5
966,0.25,22.5,1.5,1.5,-1.5,1.5
964,0.25,22.5,1.5,1.5,-1.5,-1.5
962,0.25,22.5,1.5,0.0,1.5,0.0
967,0.25,22.5,1.5,1.5,0.0,-1.5
968,0.25,22.5,1.5,1.5,0.0,0.0
969,0.25,22.5,1.5,1.5,0.0,1.5
971,0.25,22.5,1.5,1.5,1.5,0.0
970,0.25,22.5,1.5,1.5,1.5,-1.5
974,0.25,25.0,-1.5,-1.5,-1.5,0.0
972,0.25,22.5,1.5,1.5,1.5,1.5
973,0.25,25.0,-1.5,-1.5,-1.5,-1.5
976,0.25,25.0,-1.5,-1.5,0.0,-1.5
975,0.25,25.0,-1.5,-1.5,-1.5,1.5
977,0.25,25.0,-1.5,-1.5,0.0,0.0
979,0.25,25.0,-1.5,-1.5,1.5,-1.5
978,0.25,25.0,-1.5,-1.5,0.0,1.5
980,0.25,25.0,-1.5,-1.5,1.5,0.0
981,0.25,25.0,-1.5,-1.5,1.5,1.5
982,0.25,25.0,-1.5,0.0,-1.5,-1.5
987,0.25,25.0,-1.5,0.0,0.0,1.5
983,0.25,25.0,-1.5,0.0,-1.5,0.0
984,0.25,25.0,-1.5,0.0,-1.5,1.5
985,0.25,25.0,-1.5,0.0,0.0,-1.5
989,0.25,25.0,-1.5,0.0,1.5,0.0
986,0.25,25.0,-1.5,0.0,0.0,0.0
988,0.25,25.0,-1.5,0.0,1.5,-1.5
991,0.25,25.0,-1.5,1.5,-1.5,-1.5
990,0.25,25.0,-1.5,0.0,1.5,1.5
992,0.25,25.0,-1.5,1.5,-1.5,0.0
995,0.25,25.0,-1.5,1.5,0.0,0.0
994,0.25,25.0,-1.5,1.5,0.0,-1.5
993,0.25,25.0,-1.5,1.5,-1.5,1.5
997,0.25,25.0,-1.5,1.5,1.5,-1.5
996,0.25,25.0,-1.5,1.5,0.0,1.5
998,0.25,25.0,-1.5,1.5,1.5,0.0
1000,0.25,25.0,0.0,-1.5,-1.5,-1.5
999,0.25,25.0,-1.5,1.5,1.5,1.5
1001,0.25,25.0,0.0,-1.5,-1.5,0.0
1002,0.25,25.0,0.0,-1.5,-1.5,1.5
1003,0.25,25.0,0.0,-1.5,0.0,-1.5
1004,0.25,25.0,0.0,-1.5,0.0,0.0
1007,0.25,25.0,0.0,-1.5,1.5,0.0
1006,0.25,25.0,0.0,-1.5,1.5,-1.5
1008,0.25,25.0,0.0,-1.5,1.5,1.5
1005,0.25,25.0,0.0,-1.5,0.0,1.5
1010,0.25,25.0,0.0,0.0,-1.5,0.0
1009,0.25,25.0,0.0,0.0,-1.5,-1.5
1012,0.25,25.0,0.0,0.0,0.0,-1.5
1013,0.25,25.0,0.0,0.0,0.0,0.0
1011,0.25,25.0,0.0,0.0,-1.5,1.5
1014,0.25,25.0,0.0,0.0,0.0,1.5
1017,0.25,25.0,0.0,0.0,1.5,1.5
1018,0.25,25.0,0.0,1.5,-1.5,-1.5
1016,0.25,25.0,0.0,0.0,1.5,0.0
1020,0.25,25.0,0.0,1.5,-1.5,1.5
1015,0.25,25.0,0.0,0.0,1.5,-1.5
1019,0.25,25.0,0.0,1.5,-1.5,0.0
1022,0.25,25.0,0.0,1.5,0.0,0.0
1024,0.25,25.0,0.0,1.5,1.5,-1.5
1023,0.25,25.0,0.0,1.5,0.0,1.5
1021,0.25,25.0,0.0,1.5,0.0,-1.5
1026,0.25,25.0,0.0,1.5,1.5,1.5
1027,0.25,25.0,1.5,-1.5,-1.5,-1.5
1029,0.25,25.0,1.5,-1.5,-1.5,1.5
1025,0.25,25.0,0.0,1.5,1.5,0.0
1028,0.25,25.0,1.5,-1.5,-1.5,0.0
1033,0.25,25.0,1.5,-1.5,1.5,-1.5
1032,0.25,25.0,1.5,-1.5,0.0,1.5
1034,0.25,25.0,1.5,-1.5,1.5,0.0
1035,0.25,25.0,1.5,-1.5,1.5,1.5
1031,0.25,25.0,1.5,-1.5,0.0,0.0
1037,0.25,25.0,1.5,0.0,-1.5,0.0
1038,0.25,25.0,1.5,0.0,-1.5,1.5
1036,0.25,25.0,1.5,0.0,-1.5,-1.5
1030,0.25,25.0,1.5,-1.5,0.0,-1.5
1040,0.25,25.0,1.5,0.0,0.0,0.0
1041,0.25,25.0,1.5,0.0,0.0,1.5
1039,0.25,25.0,1.5,0.0,0.0,-1.5
1042,0.25,25.0,1.5,0.0,1.5,-1.5
1043,0.25,25.0,1.5,0.0,1.5,0.0
1045,0.25,25.0,1.5,1.5,-1.5,-1.5
1046,0.25,25.0,1.5,1.5,-1.5,0.0
1047,0.25,25.0,1.5,1.5,-1.5,1.5
1048,0.25,25.0,1.5,1.5,0.0,-1.5
1044,0.25,25.0,1.5,0.0,1.5,1.5
1050,0.25,25.0,1.5,1.5,0.0,1.5
1049,0.25,25.0,1.5,1.5,0.0,0.0
1051,0.25,25.0,1.5,1.5,1.5,-1.5
1053,0.25,25.0,1.5,1.5,1.5,1.5
1054,0.25,27.5,-1.5,-1.5,-1.5,-1.5
1056,0.25,27.5,-1.5,-1.5,-1.5,1.5
1057,0.25,27.5,-1.5,-1.5,0.0,-1.5
1055,0.25,27.5,-1.5,-1.5,-1.5,0.0
1052,0.25,25.0,1.5,1.5,1.5,0.0
1060,0.25,27.5,-1.5,-1.5,1.5,-1.5
1059,0.25,27.5,-1.5,-1.5,0.0,1.5
1061,0.25,27.5,-1.5,-1.5,1.5,0.0
1058,0.25,27.5,-1.5,-1.5,0.0,0.0
1062,0.25,27.5,-1.5,-1.5,1.5,1.5
1064,0.25,27.5,-1.5,0.0,-1.5,0.0
1066,0.25,27.5,-1.5,0.0,0.0,-1.5
1063,0.25,27.5,-1.5,0.0,-1.5,-1.5
1069,0.25,27.5,-1.5,0.0,1.5,-1.5
1067,0.25,27.5,-1.5,0.0,0.0,0.0
1068,0.25,27.5,-1.5,0.0,0.0,1.5
1065,0.25,27.5,-1.5,0.0,-1.5,1.5
1071,0.25,27.5,-1.5,0.0,1.5,1.5
1070,0.25,27.5,-1.5,0.0,1.5,0.0
1072,0.25,27.5,-1.5,1.5,-1.5,-1.5
1073,0.25,27.5,-1.5,1.5,-1.5,0.0
1074,0.25,27.5,-1.5,1.5,-1.5,1.5
1075,0.25,27.5,-1.5,1.5,0.0,-1.5
1076,0.25,27.5,-1.5,1.5,0.0,0.0
1077,0.25,27.5,-1.5,1.5,0.0,1.5
1078,0.25,27.5,-1.5,1.5,1.5,-1.5
1080,0.25,27.5,-1.5,1.5,1.5,1.5
1081,0.25,27.5,0.0,-1.5,-1.5,-1.5
1079,0.25,27.5,-1.5,1.5,1.5,0.0
1083,0.25,27.5,0.0,-1.5,-1.5,1.5
1082,0.25,27.5,0.0,-1.5,-1.5,0.0
1084,0.25,27.5,0.0,-1.5,0.0,-1.5
1085,0.25,27.5,0.0,-1.5,0.0,0.0
1087,0.25,27.5,0.0,-1.5,1.5,-1.5
1089,0.25,27.5,0.0,-1.5,1.5,1.5
1092,0.25,27.5,0.0,0.0,-1.5,1.5
1086,0.25,27.5,0.0,-1.5,0.0,1.5
1091,0.25,27.5,0.0,0.0,-1.5,0.0
1090,0.25,27.5,0.0,0.0,-1.5,-1.5
1088,0.25,27.5,0.0,-1.5,1.5,0.0
1093,0.25,27.5,0.0,0.0,0.0,-1.5
1094,0.25,27.5,0.0,0.0,0.0,0.0
1095,0.25,27.5,0.0,0.0,0.0,1.5
1097,0.25,27.5,0.0,0.0,1.5,0.0
1096,0.25,27.5,0.0,0.0,1.5,-1.5
1098,0.25,27.5,0.0,0.0,1.5,1.5
1099,0.25,27.5,0.0,1.5,-1.5,-1.5
1101,0.25,27.5,0.0,1.5,-1.5,1.5
1100,0.25,27.5,0.0,1.5,-1.5,0.0
1102,0.25,27.5,0.0,1.5,0.0,-1.5
1104,0.25,27.5,0.0,1.5,0.0,1.5
1103,0.25,27.5,0.0,1.5,0.0,0.0
1105,0.25,27.5,0.0,1.5,1.5,-1.5
1107,0.25,27.5,0.0,1.5,1.5,1.5
1106,0.25,27.5,0.0,1.5,1.5,0.0
1108,0.25,27.5,1.5,-1.5,-1.5,-1.5
1109,0.25,27.5,1.5,-1.5,-1.5,0.0
1111,0.25,27.5,1.5,-1.5,0.0,-1.5
1112,0.25,27.5,1.5,-1.5,0.0,0.0
1114,0.25,27.5,1.5,-1.5,1.5,-1.5
1113,0.25,27.5,1.5,-1.5,0.0,1.5
1110,0.25,27.5,1.5,-1.5,-1.5,1.5
1115,0.25,27.5,1.5,-1.5,1.5,0.0
1117,0.25,27.5,1.5,0.0,-1.5,-1.5
1118,0.25,27.5,1.5,0.0,-1.5,0.0
1116,0.25,27.5,1.5,-1.5,1.5,1.5
1121,0.25,27.5,1.5,0.0,0.0,0.0
1123,0.25,27.5,1.5,0.0,1.5,-1.5
1124,0.25,27.5,1.5,0.0,1.5,0.0
1119,0.25,27.5,1.5,0.0,-1.5,1.5
1120,0.25,27.5,1.5,0.0,0.0,-1.5
1122,0.25,27.5,1.5,0.0,0.0,1.5
1125,0.25,27.5,1.5,0.0,1.5,1.5
1126,0.25,27.5,1.5,1.5,-1.5,-1.5
1127,0.25,27.5,1.5,1.5,-1.5,0.0
1129,0.25,27.5,1.5,1.5,0.0,-1.5
1130,0.25,27.5,1.5,1.5,0.0,0.0
1132,0.25,27.5,1.5,1.5,1.5,-1.5
1128,0.25,27.5,1.5,1.5,-1.5,1.5
1131,0.25,27.5,1.5,1.5,0.0,1.5
1134,0.25,27.5,1.5,1.5,1.5,1.5
1133,0.25,27.5,1.5,1.5,1.5,0.0
1136,0.25,30.0,-1.5,-1.5,-1.5,0.0
1135,0.25,30.0,-1.5,-1.5,-1.5,-1.5
1137,0.25,30.0,-1.5,-1.5,-1.5,1.5
1138,0.25,30.0,-1.5,-1.5,0.0,-1.5
1139,0.25,30.0,-1.5,-1.5,0.0,0.0
1140,0.25,30.0,-1.5,-1.5,0.0,1.5
1141,0.25,30.0,-1.5,-1.5,1.5,-1.5
1143,0.25,30.0,-1.5,-1.5,1.5,1.5
1145,0.25,30.0,-1.5,0.0,-1.5,0.0
1142,0.25,30.0,-1.5,-1.5,1.5,0.0
1148,0.25,30.0,-1.5,0.0,0.0,0.0
1146,0.25,30.0,-1.5,0.0,-1.5,1.5
1147,0.25,30.0,-1.5,0.0,0.0,-1.5
1144,0.25,30.0,-1.5,0.0,-1.5,-1.5
1149,0.25,30.0,-1.5,0.0,0.0,1.5
1151,0.25,30.0,-1.5,0.0,1.5,0.0
1153,0.25,30.0,-1.5,1.5,-1.5,-1.5
1152,0.25,30.0,-1.5,0.0,1.5,1.5
1155,0.25,30.0,-1.5,1.5,-1.5,1.5
1159,0.25,30.0,-1.5,1.5,1.5,-1.5
1156,0.25,30.0,-1.5,1.5,0.0,-1.5
1150,0.25,30.0,-1.5,0.0,1.5,-1.5
1154,0.25,30.0,-1.5,1.5,-1.5,0.0
1157,0.25,30.0,-1.5,1.5,0.0,0.0
1158,0.25,30.0,-1.5,1.5,0.0,1.5
1160,0.25,30.0,-1.5,1.5,1.5,0.0
1162,0.25,30.0,0.0,-1.5,-1.5,-1.5
1168,0.25,30.0,0.0,-1.5,1.5,-1.5
1165,0.25,30.0,0.0,-1.5,0.0,-1.5
1163,0.25,30.0,0.0,-1.5,-1.5,0.0
1164,0.25,30.0,0.0,-1.5,-1.5,1.5
1169,0.25,30.0,0.0,-1.5,1.5,0.0
1167,0.25,30.0,0.0,-1.5,0.0,1.5
1166,0.25,30.0,0.0,-1.5,0.0,0.0
1170,0.25,30.0,0.0,-1.5,1.5,1.5
1171,0.25,30.0,0.0,0.0,-1.5,-1.5
1172,0.25,30.0,0.0,0.0,-1.5,0.0
1161,0.25,30.0,-1.5,1.5,1.5,1.5
1174,0.25,30.0,0.0,0.0,0.0,-1.5
1173,0.25,30.0,0.0,0.0,-1.5,1.5
1178,0.25,30.0,0.0,0.0,1.5,0.0
1175,0.25,30.0,0.0,0.0,0.0,0.0
1177,0.25,30.0,0.0,0.0,1.5,-1.5
1176,0.25,30.0,0.0,0.0,0.0,1.5
1179,0.25,30.0,0.0,0.0,1.5,1.5
1181,0.25,30.0,0.0,1.5,-1.5,0.0
1183,0.25,30.0,0.0,1.5,0.0,-1.5
1180,0.25,30.0,0.0,1.5,-1.5,-1.5
1185,0.25,30.0,0.0,1.5,0.0,1.5
1182,0.25,30.0,0.0,1.5,-1.5,1.5
1184,0.25,30.0,0.0,1.5,0.0,0.0
1186,0.25,30.0,0.0,1.5,1.5,-1.5
1187,0.25,30.0,0.0,1.5,1.5,0.0
1192,0.25,30.0,1.5,-1.5,0.0,-1.5
1191,0.25,30.0,1.5,-1.5,-1.5,1.5
1190,0.25,30.0,1.5,-1.5,-1.5,0.0
1188,0.25,30.0,0.0,1.5,1.5,1.5
1189,0.25,30.0,1.5,-1.5,-1.5,-1.5
1193,0.25,30.0,1.5,-1.5,0.0,0.0
1194,0.25,30.0,1.5,-1.5,0.0,1.5
1195,0.25,30.0,1.5,-1.5,1.5,-1.5
1200,0.25,30.0,1.5,0.0,-1.5,1.5
1196,0.25,30.0,1.5,-1.5,1.5,0.0
1197,0.25,30.0,1.5,-1.5,1.5,1.5
1198,0.25,30.0,1.5,0.0,-1.5,-1.5
1199,0.25,30.0,1.5,0.0,-1.5,0.0
1202,0.25,30.0,1.5,0.0,0.0,0.0
1203,0.25,30.0,1.5,0.0,0.0,1.5
1201,0.25,30.0,1.5,0.0,0.0,-1.5
1204,0.25,30.0,1.5,0.0,1.5,-1.5
1205,0.25,30.0,1.5,0.0,1.5,0.0
1208,0.25,30.0,1.5,1.5,-1.5,0.0
1210,0.25,30.0,1.5,1.5,0.0,-1.5
1206,0.25,30.0,1.5,0.0,1.5,1.5
1207,0.25,30.0,1.5,1.5,-1.5,-1.5
1209,0.25,30.0,1.5,1.5,-1.5,1.5
1211,0.25,30.0,1.5,1.5,0.0,0.0
1212,0.25,30.0,1.5,1.5,0.0,1.5
1213,0.25,30.0,1.5,1.5,1.5,-1.5
1215,0.25,30.0,1.5,1.5,1.5,1.5
1214,0.25,30.0,1.5,1.5,1.5,0.0
1216,0.375,20.0,-1.5,-1.5,-1.5,-1.5
1217,0.375,20.0,-1.5,-1.5,-1.5,0.0
1220,0.375,20.0,-1.5,-1.5,0.0,0.0
1222,0.375,20.0,-1.5,-1.5,1.5,-1.5
1221,0.375,20.0,-1.5,-1.5,0.0,1.5
1219,0.375,20.0,-1.5,-1.5,0.0,-1.5
1223,0.375,20.0,-1.5,-1.5,1.5,0.0
1218,0.375,20.0,-1.5,-1.5,-1.5,1.5
1224,0.375,20.0,-1.5,-1.5,1.5,1.5
1226,0.375,20.0,-1.5,0.0,-1.5,0.0
1228,0.375,20.0,-1.5,0.0,0.0,-1.5
1225,0.375,20.0,-1.5,0.0,-1.5,-1.5
1227,0.375,20.0,-1.5,0.0,-1.5,1.5
1229,0.375,20.0,-1.5,0.0,0.0,0.0
1230,0.375,20.0,-1.5,0.0,0.0,1.5
1233,0.375,20.0,-1.5,0.0,1.5,1.5
1231,0.375,20.0,-1.5,0.0,1.5,-1.5
1232,0.375,20.0,-1.5,0.0,1.5,0.0
1235,0.375,20.0,-1.5,1.5,-1.5,0.0
1234,0.375,20.0,-1.5,1.5,-1.5,-1.5
1237,0.375,20.0,-1.5,1.5,0.0,-1.5
1238,0.375,20.0,-1.5,1.5,0.0,0.0
1239,0.375,20.0,-1.5,1.5,0.0,1.5
1240,0.375,20.0,-1.5,1.5,1.5,-1.5
1244,0.375,20.0,0.0,-1.5,-1.5,0.0
1242,0.375,20.0,-1.5,1.5,1.5,1.5
1236,0.375,20.0,-1.5,1.5,-1.5,1.5
1241,0.375,20.0,-1.5,1.5,1.5,0.0
1243,0.375,20.0,0.0,-1.5,-1.5,-1.5
1245,0.375,20.0,0.0,-1.5,-1.5,1.5
1246,0.375,20.0,0.0,-1.5,0.0,-1.5
1248,0.375,20.0,0.0,-1.5,0.0,1.5
1249,0.375,20.0,0.0,-1.5,1.5,-1.5
1251,0.375,20.0,0.0,-1.5,1.5,1.5
1253,0.375,20.0,0.0,0.0,-1.5,0.0
1250,0.375,20.0,0.0,-1.5,1.5,0.0
1247,0.375,20.0,0.0,-1.5,0.0,0.0
1252,0.375,20.0,0.0,0.0,-1.5,-1.5
1254,0.375,20.0,0.0,0.0,-1.5,1.5
1261,0.375,20.0,0.0,1.5,-1.5,-1.5
1262,0.375,20.0,0.0,1.5,-1.5,0.0
1260,0.375,20.0,0.0,0.0,1.5,1.5
1255,0.375,20.0,0.0,0.0,0.0,-1.5
1263,0.375,20.0,0.0,1.5,-1.5,1.5
1257,0.375,20.0,0.0,0.0,0.0,1.5
1258,0.375,20.0,0.0,0.0,1.5,-1.5
1256,0.375,20.0,0.0,0.0,0.0,0.0
1259,0.375,20.0,0.0,0.0,1.5,0.0
1264,0.375,20.0,0.0,1.5,0.0,-1.5
1267,0.375,20.0,0.0,1.5,1.5,-1.5
1265,0.375,20.0,0.0,1.5,0.0,0.0
1268,0.375,20.0,0.0,1.5,1.5,0.0
1266,0.375,20.0,0.0,1.5,0.0,1.5
1272,0.375,20.0,1.5,-1.5,-1.5,1.5
1270,0.375,20.0,1.5,-1.5,-1.5,-1.5
1269,0.375,20.0,0.0,1.5,1.5,1.5
1273,0.375,20.0,1.5,-1.5,0.0,-1.5
1271,0.375,20.0,1.5,-1.5,-1.5,0.0
1275,0.375,20.0,1.5,-1.5,0.0,1.5
1274,0.375,20.0,1.5,-1.5,0.0,0.0
1277,0.375,20.0,1.5,-1.5,1.5,0.0
1279,0.375,20.0,1.5,0.0,-1.5,-1.5
1281,0.375,20.0,1.5,0.0,-1.5,1.5
1282,0.375,20.0,1.5,0.0,0.0,-1.5
1278,0.375,20.0,1.5,-1.5,1.5,1.5
1276,0.375,20.0,1.5,-1.5,1.5,-1.5
1280,0.375,20.0,1.5,0.0,-1.5,0.0
1283,0.375,20.0,1.5,0.0,0.0,0.0
1284,0.375,20.0,1.5,0.0,0.0,1.5
1286,0.375,20.0,1.5,0.0,1.5,0.0
1285,0.375,20.0,1.5,0.0,1.5,-1.5
1289,0.375,20.0,1.5,1.5,-1.5,0.0
1288,0.375,20.0,1.5,1.5,-1.5,-1.5
1290,0.375,20.0,1.5,1.5,-1.5,1.5
1292,0.375,20.0,1.5,1.5,0.0,0.0
1291,0.375,20.0,1.5,1.5,0.0,-1.5
1287,0.375,20.0,1.5,0.0,1.5,1.5
1293,0.375,20.0,1.5,1.5,0.0,1.5
1294,0.375,20.0,1.5,1.5,1.5,-1.5
1295,0.375,20.0,1.5,1.5,1.5,0.0
1301,0.375,22.5,-1.5,-1.5,0.0,0.0
1299,0.375,22.5,-1.5,-1.5,-1.5,1.5
1296,0.375,20.0,1.5,1.5,1.5,1.5
1302,0.375,22.5,-1.5,-1.5,0.0,1.5
1298,0.375,22.5,-1.5,-1.5,-1.5,0.0
1300,0.375,22.5,-1.5,-1.5,0.0,-1.5
1297,0.375,22.5,-1.5,-1.5,-1.5,-1.5
1304,0.375,22.5,-1.5,-1.5,1.5,0.0
1303,0.375,22.5,-1.5,-1.5,1.5,-1.5
1305,0.375,22.5,-1.5,-1.5,1.5,1.5
1306,0.375,22.5,-1.5,0.0,-1.5,-1.5
1311,0.375,22.5,-1.5,0.0,0.0,1.5
1308,0.375,22.5,-1.5,0.0,-1.5,1.5
1312,0.375,22.5,-1.5,0.0,1.5,-1.5
1310,0.375,22.5,-1.5,0.0,0.0,0.0
1307,0.375,22.5,-1.5,0.0,-1.5,0.0
1313,0.375,22.5,-1.5,0.0,1.5,0.0
1309,0.375,22.5,-1.5,0.0,0.0,-1.5
1315,0.375,22.5,-1.5,1.5,-1.5,-1.5
1314,0.375,22.5,-1.5,0.0,1.5,1.5
1316,0.375,22.5,-1.5,1.5,-1.5,0.0
1322,0.375,22.5,-1.5,1.5,1.5,0.0
1320,0.375,22.5,-1.5,1.5,0.0,1.5
1323,0.375,22.5,-1.5,1.5,1.5,1.5
1319,0.375,22.5,-1.5,1.5,0.0,0.0
1317,0.375,22.5,-1.5,1.5,-1.5,1.5
1318,0.375,22.5,-1.5,1.5,0.0,-1.5
1325,0.375,22.5,0.0,-1.5,-1.5,0.0
1324,0.375,22.5,0.0,-1.5,-1.5,-1.5
1321,0.375,22.5,-1.5,1.5,1.5,-1.5
1326,0.375,22.5,0.0,-1.5,-1.5,1.5
1328,0.375,22.5,0.0,-1.5,0.0,0.0
1330,0.375,22.5,0.0,-1.5,1.5,-1.5
1332,0.375,22.5,0.0,-1.5,1.5,1.5
1334,0.375,22.5,0.0,0.0,-1.5,0.0
1331,0.375,22.5,0.0,-1.5,1.5,0.0
1333,0.375,22.5,0.0,0.0,-1.5,-1.5
1327,0.375,22.5,0.0,-1.5,0.0,-1.5
1329,0.375,22.5,0.0,-1.5,0.0,1.5
1335,0.375,22.5,0.0,0.0,-1.5,1.5
1336,0.375,22.5,0.0,0.0,0.0,-1.5
1337,0.375,22.5,0.0,0.0,0.0,0.0
1338,0.375,22.5,0.0,0.0,0.0,1.5
1341,0.375,22.5,0.0,0.0,1.5,1.5
1342,0.375,22.5,0.0,1.5,-1.5,-1.5
1340,0.375,22.5,0.0,0.0,1.5,0.0
1343,0.375,22.5,0.0,1.5,-1.5,0.0
1339,0.375,22.5,0.0,0.0,1.5,-1.5
1345,0.375,22.5,0.0,1.5,0.0,-1.5
1344,0.375,22.5,0.0,1.5,-1.5,1.5
1346,0.375,22.5,0.0,1.5,0.0,0.0
1348,0.375,22.5,0.0,1.5,1.5,-1.5
1349,0.375,22.5,0.0,1.5,1.5,0.0
1350,0.375,22.5,0.0,1.5,1.5,1.5
1352,0.375,22.5,1.5,-1.5,-1.5,0.0
1347,0.375,22.5,0.0,1.5,0.0,1.5
1353,0.375,22.5,1.5,-1.5,-1.5,1.5
1351,0.375,22.5,1.5,-1.5,-1.5,-1.5
1354,0.375,22.5,1.5,-1.5,0.0,-1.5
1356,0.375,22.5,1.5,-1.5,0.0,1.5
1355,0.375,22.5,1.5,-1.5,0.0,0.0
1357,0.375,22.5,1.5,-1.5,1.5,-1.5
1360,0.375,22.5,1.5,0.0,-1.5,-1.5
1358,0.375,22.5,1.5,-1.5,1.5,0.0
1359,0.375,22.5,1.5,-1.5,1.5,1.5
1362,0.375,22.5,1.5,0.0,-1.5,1.5
1361,0.375,22.5,1.5,0.0,-1.5,0.0
1364,0.375,22.5,1.5,0.0,0.0,0.0
1365,0.375,22.5,1.5,0.0,0.0,1.5
1363,0.375,22.5,1.5,0.0,0.0,-1.5
1367,0.375,22.5,1.5,0.0,1.5,0.0
1368,0.375,22.5,1.5,0.0,1.5,1.5
1366,0.375,22.5,1.5,0.0,1.5,-1.5
1371,0.375,22.5,1.5,1.5,-1.5,1.5
1369,0.375,22.5,1.5,1.5,-1.5,-1.5
1370,0.375,22.5,1.5,1.5,-1.5,0.0
1372,0.375,22.5,1.5,1.5,0.0,-1.5
1373,0.375,22.5,1.5,1.5,0.0,0.0
1376,0.375,22.5,1.5,1.5,1.5,0.0
1375,0.375,22.5,1.5,1.5,1.5,-1.5
1374,0.375,22.5,1.5,1.5,0.0,1.5
1378,0.375,25.0,-1.5,-1.5,-1.5,-1.5
1377,0.375,22.5,1.5,1.5,1.5,1.5
1380,0.375,25.0,-1.5,-1.5,-1.5,1.5
1381,0.375,25.0,-1.5,-1.5,0.0,-1.5
1383,0.375,25.0,-1.5,-1.5,0.0,1.5
1384,0.375,25.0,-1.5,-1.5,1.5,-1.5
1379,0.375,25.0,-1.5,-1.5,-1.5,0.0
1382,0.375,25.0,-1.5,-1.5,0.0,0.0
1385,0.375,25.0,-1.5,-1.5,1.5,0.0
1387,0.375,25.0,-1.5,0.0,-1.5,-1.5
1388,0.375,25.0,-1.5,0.0,-1.5,0.0
1386,0.375,25.0,-1.5,-1.5,1.5,1.5
1390,0.375,25.0,-1.5,0.0,0.0,-1.5
1392,0.375,25.0,-1.5,0.0,0.0,1.5
1393,0.375,25.0,-1.5,0.0,1.5,-1.5
1391,0.375,25.0,-1.5,0.0,0.0,0.0
1389,0.375,25.0,-1.5,0.0,-1.5,1.5
1396,0.375,25.0,-1.5,1.5,-1.5,-1.5
1395,0.375,25.0,-1.5,0.0,1.5,1.5
1394,0.375,25.0,-1.5,0.0,1.5,0.0
1398,0.375,25.0,-1.5,1.5,-1.5,1.5
1399,0.375,25.0,-1.5,1.5,0.0,-1.5
1397,0.375,25.0,-1.5,1.5,-1.5,0.0
1400,0.375,25.0,-1.5,1.5,0.0,0.0
1402,0.375,25.0,-1.5,1.5,1.5,-1.5
1401,0.375,25.0,-1.5,1.5,0.0,1.5
1404,0.375,25.0,-1.5,1.5,1.5,1.5
1405,0.375,25.0,0.0,-1.5,-1.5,-1.5
1403,0.375,25.0,-1.5,1.5,1.5,0.0
1406,0.375,25.0,0.0,-1.5,-1.5,0.0
1408,0.375,25.0,0.0,-1.5,0.0,-1.5
1412,0.375,25.0,0.0,-1.5,1.5,0.0
1410,0.375,25.0,0.0,-1.5,0.0,1.5
1413,0.375,25.0,0.0,-1.5,1.5,1.5
1414,0.375,25.0,0.0,0.0,-1.5,-1.5
1409,0.375,25.0,0.0,-1.5,0.0,0.0
1411,0.375,25.0,0.0,-1.5,1.5,-1.5
1415,0.375,25.0,0.0,0.0,-1.5,0.0
1416,0.375,25.0,0.0,0.0,-1.5,1.5
1417,0.375,25.0,0.0,0.0,0.0,-1.5
1421,0.375,25.0,0.0,0.0,1.5,0.0
1422,0.375,25.0,0.0,0.0,1.5,1.5
1419,0.375,25.0,0.0,0.0,0.0,1.5
1420,0.375,25.0,0.0,0.0,1.5,-1.5
1425,0.375,25.0,0.0,1.5,-1.5,1.5
1424,0.375,25.0,0.0,1.5,-1.5,0.0
1423,0.375,25.0,0.0,1.5,-1.5,-1.5
1426,0.375,25.0,0.0,1.5,0.0,-1.5
1407,0.375,25.0,0.0,-1.5,-1.5,1.5
1418,0.375,25.0,0.0,0.0,0.0,0.0
1427,0.375,25.0,0.0,1.5,0.0,0.0
1429,0.375,25.0,0.0,1.5,1.5,-1.5
1431,0.375,25.0,0.0,1.5,1.5,1.5
1430,0.375,25.0,0.0,1.5,1.5,0.0
1428,0.375,25.0,0.0,1.5,0.0,1.5
1432,0.375,25.0,1.5,-1.5,-1.5,-1.5
1433,0.375,25.0,1.5,-1.5,-1.5,0.0
1434,0.375,25.0,1.5,-1.5,-1.5,1.5
1435,0.375,25.0,1.5,-1.5,0.0,-1.5
1436,0.375,25.0,1.5,-1.5,0.0,0.0
1437,0.375,25.0,1.5,-1.5,0.0,1.5
1438,0.375,25.0,1.5,-1.5,1.5,-1.5
1440,0.375,25.0,1.5,-1.5,1.5,1.5
1439,0.375,25.0,1.5,-1.5,1.5,0.0
1445,0.375,25.0,1.5,0.0,0.0,0.0
1443,0.375,25.0,1.5,0.0,-1.5,1.5
1444,0.375,25.0,1.5,0.0,0.0,-1.5
1447,0.375,25.0,1.5,0.0,1.5,-1.5
1441,0.375,25.0,1.5,0.0,-1.5,-1.5
1446,0.375,25.0,1.5,0.0,0.0,1.5
1442,0.375,25.0,1.5,0.0,-1.5,0.0
1448,0.375,25.0,1.5,0.0,1.5,0.0
1449,0.375,25.0,1.5,0.0,1.5,1.5
1450,0.375,25.0,1.5,1.5,-1.5,-1.5
1452,0.375,25.0,1.5,1.5,-1.5,1.5
1451,0.375,25.0,1.5,1.5,-1.5,0.0
1453,0.375,25.0,1.5,1.5,0.0,-1.5
1458,0.375,25.0,1.5,1.5,1.5,1.5
1457,0.375,25.0,1.5,1.5,1.5,0.0
1455,0.375,25.0,1.5,1.5,0.0,1.5
1456,0.375,25.0,1.5,1.5,1.5,-1.5
1454,0.375,25.0,1.5,1.5,0.0,0.0
1459,0.375,27.5,-1.5,-1.5,-1.5,-1.5
1460,0.375,27.5,-1.5,-1.5,-1.5,0.0
1462,0.375,27.5,-1.5,-1.5,0.0,-1.5
1463,0.375,27.5,-1.5,-1.5,0.0,0.0
1464,0.375,27.5,-1.5,-1.5,0.0,1.5
1461,0.375,27.5,-1.5,-1.5,-1.5,1.5
1465,0.375,27.5,-1.5,-1.5,1.5,-1.5
1466,0.375,27.5,-1.5,-1.5,1.5,0.0
1467,0.375,27.5,-1.5,-1.5,1.5,1.5
1469,0.375,27.5,-1.5,0.0,-1.5,0.0
1468,0.375,27.5,-1.5,0.0,-1.5,-1.5
1471,0.375,27.5,-1.5,0.0,0.0,-1.5
1470,0.375,27.5,-1.5,0.0,-1.5,1.5
1473,0.375,27.5,-1.5,0.0,0.0,1.5
1472,0.375,27.5,-1.5,0.0,0.0,0.0
1474,0.375,27.5,-1.5,0.0,1.5,-1.5
1476,0.375,27.5,-1.5,0.0,1.5,1.5
1475,0.375,27.5,-1.5,0.0,1.5,0.0
1480,0.375,27.5,-1.5,1.5,0.0,-1.5
1477,0.375,27.5,-1.5,1.5,-1.5,-1.5
1479,0.375,27.5,-1.5,1.5,-1.5,1.5
1478,0.375,27.5,-1.5,1.5,-1.5,0.0
1482,0.375,27.5,-1.5,1.5,0.0,1.5
1481,0.375,27.5,-1.5,1.5,0.0,0.0
1485,0.375,27.5,-1.5,1.5,1.5,1.5
1484,0.375,27.5,-1.5,1.5,1.5,0.0
1487,0.375,27.5,0.0,-1.5,-1.5,0.0
1483,0.375,27.5,-1.5,1.5,1.5,-1.5
1486,0.375,27.5,0.0,-1.5,-1.5,-1.5
1488,0.375,27.5,0.0,-1.5,-1.5,1.5
1490,0.375,27.5,0.0,-1.5,0.0,0.0
1491,0.375,27.5,0.0,-1.5,0.0,1.5
1489,0.375,27.5,0.0,-1.5,0.0,-1.5
1492,0.375,27.5,0.0,-1.5,1.5,-1.5
1493,0.375,27.5,0.0,-1.5,1.5,0.0
1495,0.375,27.5,0.0,0.0,-1.5,-1.5
1496,0.375,27.5,0.0,0.0,-1.5,0.0
1494,0.375,27.5,0.0,-1.5,1.5,1.5
1497,0.375,27.5,0.0,0.0,-1.5,1.5
1498,0.375,27.5,0.0,0.0,0.0,-1.5
1500,0.375,27.5,0.0,0.0,0.0,1.5
1499,0.375,27.5,0.0,0.0,0.0,0.0
1502,0.375,27.5,0.0,0.0,1.5,0.0
1501,0.375,27.5,0.0,0.0,1.5,-1.5
1503,0.375,27.5,0.0,0.0,1.5,1.5
1504,0.375,27.5,0.0,1.5,-1.5,-1.5
1511,0.375,27.5,0.0,1.5,1.5,0.0
1507,0.375,27.5,0.0,1.5,0.0,-1.5
1508,0.375,27.5,0.0,1.5,0.0,0.0
1509,0.375,27.5,0.0,1.5,0.0,1.5
1506,0.375,27.5,0.0,1.5,-1.5,1.5
1505,0.375,27.5,0.0,1.5,-1.5,0.0
1512,0.375,27.5,0.0,1.5,1.5,1.5
1513,0.375,27.5,1.5,-1.5,-1.5,-1.5
1514,0.375,27.5,1.5,-1.5,-1.5,0.0
1510,0.375,27.5,0.0,1.5,1.5,-1.5
1515,0.375,27.5,1.5,-1.5,-1.5,1.5
1522,0.375,27.5,1.5,0.0,-1.5,-1.5
1524,0.375,27.5,1.5,0.0,-1.5,1.5
1516,0.375,27.5,1.5,-1.5,0.0,-1.5
1518,0.375,27.5,1.5,-1.5,0.0,1.5
1523,0.375,27.5,1.5,0.0,-1.5,0.0
1519,0.375,27.5,1.5,-1.5,1.5,-1.5
1517,0.375,27.5,1.5,-1.5,0.0,0.0
1520,0.375,27.5,1.5,-1.5,1.5,0.0
1521,0.375,27.5,1.5,-1.5,1.5,1.5
1526,0.375,27.5,1.5,0.0,0.0,0.0
1528,0.375,27.5,1.5,0.0,1.5,-1.5
1532,0.375,27.5,1.5,1.5,-1.5,0.0
1530,0.375,27.5,1.5,0.0,1.5,1.5
1525,0.375,27.5,1.5,0.0,0.0,-1.5
1531,0.375,27.5,1.5,1.5,-1.5,-1.5
1533,0.375,27.5,1.5,1.5,-1.5,1.5
1529,0.375,27.5,1.5,0.0,1.5,0.0
1527,0.375,27.5,1.5,0.0,0.0,1.5
1534,0.375,27.5,1.5,1.5,0.0,-1.5
1535,0.375,27.5,1.5,1.5,0.0,0.0
1537,0.375,27.5,1.5,1.5,1.5,-1.5
1536,0.375,27.5,1.5,1.5,0.0,1.5
1540,0.375,30.0,-1.5,-1.5,-1.5,-1.5
1541,0.375,30.0,-1.5,-1.5,-1.5,0.0
1543,0.375,30.0,-1.5,-1.5,0.0,-1.5
1542,0.375,30.0,-1.5,-1.5,-1.5,1.5
1538,0.375,27.5,1.5,1.5,1.5,0.0
1544,0.375,30.0,-1.5,-1.5,0.0,0.0
1539,0.375,27.5,1.5,1.5,1.5,1.5
1545,0.375,30.0,-1.5,-1.5,0.0,1.5
1548,0.375,30.0,-1.5,-1.5,1.5,1.5
1546,0.375,30.0,-1.5,-1.5,1.5,-1.5
1547,0.375,30.0,-1.5,-1.5,1.5,0.0
1551,0.375,30.0,-1.5,0.0,-1.5,1.5
1549,0.375,30.0,-1.5,0.0,-1.5,-1.5
1550,0.375,30.0,-1.5,0.0,-1.5,0.0
1552,0.375,30.0,-1.5,0.0,0.0,-1.5
1553,0.375,30.0,-1.5,0.0,0.0,0.0
1555,0.375,30.0,-1.5,0.0,1.5,-1.5
1554,0.375,30.0,-1.5,0.0,0.0,1.5
1556,0.375,30.0,-1.5,0.0,1.5,0.0
1558,0.375,30.0,-1.5,1.5,-1.5,-1.5
1557,0.375,30.0,-1.5,0.0,1.5,1.5
1559,0.375,30.0,-1.5,1.5,-1.5,0.0
1561,0.375,30.0,-1.5,1.5,0.0,-1.5
1560,0.375,30.0,-1.5,1.5,-1.5,1.5
1562,0.375,30.0,-1.5,1.5,0.0,0.0
1563,0.375,30.0,-1.5,1.5,0.0,1.5
1564,0.375,30.0,-1.5,1.5,1.5,-1.5
1567,0.375,30.0,0.0,-1.5,-1.5,-1.5
1566,0.375,30.0,-1.5,1.5,1.5,1.5
1565,0.375,30.0,-1.5,1.5,1.5,0.0
1568,0.375,30.0,0.0,-1.5,-1.5,0.0
1572,0.375,30.0,0.0,-1.5,0.0,1.5
1569,0.375,30.0,0.0,-1.5,-1.5,1.5
1570,0.375,30.0,0.0,-1.5,0.0,-1.5
1574,0.375,30.0,0.0,-1.5,1.5,0.0
1575,0.375,30.0,0.0,-1.5,1.5,1.5
1573,0.375,30.0,0.0,-1.5,1.5,-1.5
1577,0.375,30.0,0.0,0.0,-1.5,0.0
1571,0.375,30.0,0.0,-1.5,0.0,0.0
1576,0.375,30.0,0.0,0.0,-1.5,-1.5
1579,0.375,30.0,0.0,0.0,0.0,-1.5
1578,0.375,30.0,0.0,0.0,-1.5,1.5
1581,0.375,30.0,0.0,0.0,0.0,1.5
1584,0.375,30.0,0.0,0.0,1.5,1.5
1585,0.375,30.0,0.0,1.5,-1.5,-1.5
1583,0.375,30.0,0.0,0.0,1.5,0.0
1580,0.375,30.0,0.0,0.0,0.0,0.0
1582,0.375,30.0,0.0,0.0,1.5,-1.5
1586,0.375,30.0,0.0,1.5,-1.5,0.0
1587,0.375,30.0,0.0,1.5,-1.5,1.5
1588,0.375,30.0,0.0,1.5,0.0,-1.5
1590,0.375,30.0,0.0,1.5,0.0,1.5
1594,0.375,30.0,1.5,-1.5,-1.5,-1.5
1593,0.375,30.0,0.0,1.5,1.5,1.5
1589,0.375,30.0,0.0,1.5,0.0,0.0
1591,0.375,30.0,0.0,1.5,1.5,-1.5
1596,0.375,30.0,1.5,-1.5,-1.5,1.5
1592,0.375,30.0,0.0,1.5,1.5,0.0
1595,0.375,30.0,1.5,-1.5,-1.5,0.0
1597,0.375,30.0,1.5,-1.5,0.0,-1.5
1598,0.375,30.0,1.5,-1.5,0.0,0.0
1602,0.375,30.0,1.5,-1.5,1.5,1.5
1604,0.375,30.0,1.5,0.0,-1.5,0.0
1599,0.375,30.0,1.5,-1.5,0.0,1.5
1601,0.375,30.0,1.5,-1.5,1.5,0.0
1603,0.375,30.0,1.5,0.0,-1.5,-1.5
1600,0.375,30.0,1.5,-1.5,1.5,-1.5
1605,0.375,30.0,1.5,0.0,-1.5,1.5
1606,0.375,30.0,1.5,0.0,0.0,-1.5
1608,0.375,30.0,1.5,0.0,0.0,1.5
1607,0.375,30.0,1.5,0.0,0.0,0.0
1611,0.375,30.0,1.5,0.0,1.5,1.5
1610,0.375,30.0,1.5,0.0,1.5,0.0
1612,0.375,30.0,1.5,1.5,-1.5,-1.5
1614,0.375,30.0,1.5,1.5,-1.5,1.5
1613,0.375,30.0,1.5,1.5,-1.5,0.0
1609,0.375,30.0,1.5,0.0,1.5,-1.5
1615,0.375,30.0,1.5,1.5,0.0,-1.5
1616,0.375,30.0,1.5,1.5,0.0,0.0
1617,0.375,30.0,1.5,1.5,0.0,1.5
1618,0.375,30.0,1.5,1.5,1.5,-1.5
1619,0.375,30.0,1.5,1.5,1.5,0.0
1623,0.5,20.0,-1.5,-1.5,-1.5,1.5
1621,0.5,20.0,-1.5,-1.5,-1.5,-1.5
1622,0.5,20.0,-1.5,-1.5,-1.5,0.0
1620,0.375,30.0,1.5,1.5,1.5,1.5
1624,0.5,20.0,-1.5,-1.5,0.0,-1.5
1627,0.5,20.0,-1.5,-1.5,1.5,-1.5
1625,0.5,20.0,-1.5,-1.5,0.0,0.0
1626,0.5,20.0,-1.5,-1.5,0.0,1.5
1630,0.5,20.0,-1.5,0.0,-1.5,-1.5
1631,0.5,20.0,-1.5,0.0,-1.5,0.0
1628,0.5,20.0,-1.5,-1.5,1.5,0.0
1632,0.5,20.0,-1.5,0.0,-1.5,1.5
1629,0.5,20.0,-1.5,-1.5,1.5,1.5
1636,0.5,20.0,-1.5,0.0,1.5,-1.5
1635,0.5,20.0,-1.5,0.0,0.0,1.5
1634,0.5,20.0,-1.5,0.0,0.0,0.0
1637,0.5,20.0,-1.5,0.0,1.5,0.0
1633,0.5,20.0,-1.5,0.0,0.0,-1.5
1640,0.5,20.0,-1.5,1.5,-1.5,0.0
1639,0.5,20.0,-1.5,1.5,-1.5,-1.5
1641,0.5,20.0,-1.5,1.5,-1.5,1.5
1638,0.5,20.0,-1.5,0.0,1.5,1.5
1642,0.5,20.0,-1.5,1.5,0.0,-1.5
1643,0.5,20.0,-1.5,1.5,0.0,0.0
1645,0.5,20.0,-1.5,1.5,1.5,-1.5
1644,0.5,20.0,-1.5,1.5,0.0,1.5
1648,0.5,20.0,0.0,-1.5,-1.5,-1.5
1647,0.5,20.0,-1.5,1.5,1.5,1.5
1646,0.5,20.0,-1.5,1.5,1.5,0.0
1651,0.5,20.0,0.0,-1.5,0.0,-1.5
1653,0.5,20.0,0.0,-1.5,0.0,1.5
1654,0.5,20.0,0.0,-1.5,1.5,-1.5
1649,0.5,20.0,0.0,-1.5,-1.5,0.0
1650,0.5,20.0,0.0,-1.5,-1.5,1.5
1656,0.5,20.0,0.0,-1.5,1.5,1.5
1652,0.5,20.0,0.0,-1.5,0.0,0.0
1655,0.5,20.0,0.0,-1.5,1.5,0.0
1657,0.5,20.0,0.0,0.0,-1.5,-1.5
1661,0.5,20.0,0.0,0.0,0.0,0.0
1659,0.5,20.0,0.0,0.0,-1.5,1.5
1660,0.5,20.0,0.0,0.0,0.0,-1.5
1664,0.5,20.0,0.0,0.0,1.5,0.0
1666,0.5,20.0,0.0,1.5,-1.5,-1.5
1663,0.5,20.0,0.0,0.0,1.5,-1.5
1665,0.5,20.0,0.0,0.0,1.5,1.5
1662,0.5,20.0,0.0,0.0,0.0,1.5
1658,0.5,20.0,0.0,0.0,-1.5,0.0
1667,0.5,20.0,0.0,1.5,-1.5,0.0
1668,0.5,20.0,0.0,1.5,-1.5,1.5
1670,0.5,20.0,0.0,1.5,0.0,0.0
1673,0.5,20.0,0.0,1.5,1.5,0.0
1671,0.5,20.0,0.0,1.5,0.0,1.5
1675,0.5,20.0,1.5,-1.5,-1.5,-1.5
1672,0.5,20.0,0.0,1.5,1.5,-1.5
1676,0.5,20.0,1.5,-1.5,-1.5,0.0
1674,0.5,20.0,0.0,1.5,1.5,1.5
1669,0.5,20.0,0.0,1.5,0.0,-1.5
1677,0.5,20.0,1.5,-1.5,-1.5,1.5
1678,0.5,20.0,1.5,-1.5,0.0,-1.5
1680,0.5,20.0,1.5,-1.5,0.0,1.5
1679,0.5,20.0,1.5,-1.5,0.0,0.0
1684,0.5,20.0,1.5,0.0,-1.5,-1.5
1682,0.5,20.0,1.5,-1.5,1.5,0.0
1681,0.5,20.0,1.5,-1.5,1.5,-1.5
1683,0.5,20.0,1.5,-1.5,1.5,1.5
1687,0.5,20.0,1.5,0.0,0.0,-1.5
1685,0.5,20.0,1.5,0.0,-1.5,0.0
1686,0.5,20.0,1.5,0.0,-1.5,1.5
1689,0.5,20.0,1.5,0.0,0.0,1.5
1688,0.5,20.0,1.5,0.0,0.0,0.0
1690,0.5,20.0,1.5,0.0,1.5,-1.5
1691,0.5,20.0,1.5,0.0,1.5,0.0
1692,0.5,20.0,1.5,0.0,1.5,1.5
1694,0.5,20.0,1.5,1.5,-1.5,0.0
1695,0.5,20.0,1.5,1.5,-1.5,1.5
1693,0.5,20.0,1.5,1.5,-1.5,-1.5
1696,0.5,20.0,1.5,1.5,0.0,-1.5
1697,0.5,20.0,1.5,1.5,0.0,0.0
1698,0.5,20.0,1.5,1.5,0.0,1.5
1699,0.5,20.0,1.5,1.5,1.5,-1.5
1702,0.5,22.5,-1.5,-1.5,-1.5,-1.5
1700,0.5,20.0,1.5,1.5,1.5,0.0
1701,0.5,20.0,1.5,1.5,1.5,1.5
1703,0.5,22.5,-1.5,-1.5,-1.5,0.0
1707,0.5,22.5,-1.5,-1.5,0.0,1.5
1704,0.5,22.5,-1.5,-1.5,-1.5,1.5
1705,0.5,22.5,-1.5,-1.5,0.0,-1.5
1709,0.5,22.5,-1.5,-1.5,1.5,0.0
1708,0.5,22.5,-1.5,-1.5,1.5,-1.5
1710,0.5,22.5,-1.5,-1.5,1.5,1.5
1706,0.5,22.5,-1.5,-1.5,0.0,0.0
1711,0.5,22.5,-1.5,0.0,-1.5,-1.5
1713,0.5,22.5,-1.5,0.0,-1.5,1.5
1719,0.5,22.5,-1.5,0.0,1.5,1.5
1715,0.5,22.5,-1.5,0.0,0.0,0.0
1716,0.5,22.5,-1.5,0.0,0.0,1.5
1714,0.5,22.5,-1.5,0.0,0.0,-1.5
1712,0.5,22.5,-1.5,0.0,-1.5,0.0
1717,0.5,22.5,-1.5,0.0,1.5,-1.5
1718,0.5,22.5,-1.5,0.0,1.5,0.0
1720,0.5,22.5,-1.5,1.5,-1.5,-1.5
1721,0.5,22.5,-1.5,1.5,-1.5,0.0
1723,0.5,22.5,-1.5,1.5,0.0,-1.5
1722,0.5,22.5,-1.5,1.5,-1.5,1.5
1724,0.5,22.5,-1.5,1.5,0.0,0.0
1726,0.5,22.5,-1.5,1.5,1.5,-1.5
1725,0.5,22.5,-1.5,1.5,0.0,1.5
1728,0.5,22.5,-1.5,1.5,1.5,1.5
1729,0.5,22.5,0.0,-1.5,-1.5,-1.5
1730,0.5,22.5,0.0,-1.5,-1.5,0.0
1727,0.5,22.5,-1.5,1.5,1.5,0.0
1731,0.5,22.5,0.0,-1.5,-1.5,1.5
1732,0.5,22.5,0.0,-1.5,0.0,-1.5
1733,0.5,22.5,0.0,-1.5,0.0,0.0
1736,0.5,22.5,0.0,-1.5,1.5,0.0
1739,0.5,22.5,0.0,0.0,-1.5,0.0
1735,0.5,22.5,0.0,-1.5,1.5,-1.5
1737,0.5,22.5,0.0,-1.5,1.5,1.5
1734,0.5,22.5,0.0,-1.5,0.0,1.5
1740,0.5,22.5,0.0,0.0,-1.5,1.5
1741,0.5,22.5,0.0,0.0,0.0,-1.5
1738,0.5,22.5,0.0,0.0,-1.5,-1.5
1743,0.5,22.5,0.0,0.0,0.0,1.5
1742,0.5,22.5,0.0,0.0,0.0,0.0
1744,0.5,22.5,0.0,0.0,1.5,-1.5
1745,0.5,22.5,0.0,0.0,1.5,0.0
1746,0.5,22.5,0.0,0.0,1.5,1.5
1747,0.5,22.5,0.0,1.5,-1.5,-1.5
1749,0.5,22.5,0.0,1.5,-1.5,1.5
1751,0.5,22.5,0.0,1.5,0.0,0.0
1750,0.5,22.5,0.0,1.5,0.0,-1.5
1748,0.5,22.5,0.0,1.5,-1.5,0.0
1752,0.5,22.5,0.0,1.5,0.0,1.5
1754,0.5,22.5,0.0,1.5,1.5,0.0
1753,0.5,22.5,0.0,1.5,1.5,-1.5
1756,0.5,22.5,1.5,-1.5,-1.5,-1.5
1755,0.5,22.5,0.0,1.5,1.5,1.5
1758,0.5,22.5,1.5,-1.5,-1.5,1.5
1761,0.5,22.5,1.5,-1.5,0.0,1.5
1757,0.5,22.5,1.5,-1.5,-1.5,0.0
1759,0.5,22.5,1.5,-1.5,0.0,-1.5
1760,0.5,22.5,1.5,-1.5,0.0,0.0
1762,0.5,22.5,1.5,-1.5,1.5,-1.5
1770,0.5,22.5,1.5,0.0,0.0,1.5
1763,0.5,22.5,1.5,-1.5,1.5,0.0
1766,0.5,22.5,1.5,0.0,-1.5,0.0
1764,0.5,22.5,1.5,-1.5,1.5,1.5
1769,0.5,22.5,1.5,0.0,0.0,0.0
1765,0.5,22.5,1.5,0.0,-1.5,-1.5
1767,0.5,22.5,1.5,0.0,-1.5,1.5
1772,0.5,22.5,1.5,0.0,1.5,0.0
1768,0.5,22.5,1.5,0.0,0.0,-1.5
1771,0.5,22.5,1.5,0.0,1.5,-1.5
1774,0.5,22.5,1.5,1.5,-1.5,-1.5
1777,0.5,22.5,1.5,1.5,0.0,-1.5
1775,0.5,22.5,1.5,1.5,-1.5,0.0
1778,0.5,22.5,1.5,1.5,0.0,0.0
1773,0.5,22.5,1.5,0.0,1.5,1.5
1779,0.5,22.5,1.5,1.5,0.0,1.5
1776,0.5,22.5,1.5,1.5,-1.5,1.5
1780,0.5,22.5,1.5,1.5,1.5,-1.5
1783,0.5,25.0,-1.5,-1.5,-1.5,-1.5
1781,0.5,22.5,1.5,1.5,1.5,0.0
1784,0.5,25.0,-1.5,-1.5,-1.5,0.0
1791,0.5,25.0,-1.5,-1.5,1.5,1.5
1788,0.5,25.0,-1.5,-1.5,0.0,1.5
1786,0.5,25.0,-1.5,-1.5,0.0,-1.5
1787,0.5,25.0,-1.5,-1.5,0.0,0.0
1785,0.5,25.0,-1.5,-1.5,-1.5,1.5
1789,0.5,25.0,-1.5,-1.5,1.5,-1.5
1790,0.5,25.0,-1.5,-1.5,1.5,0.0
1782,0.5,22.5,1.5,1.5,1.5,1.5
1792,0.5,25.0,-1.5,0.0,-1.5,-1.5
1793,0.5,25.0,-1.5,0.0,-1.5,0.0
1797,0.5,25.0,-1.5,0.0,0.0,1.5
1799,0.5,25.0,-1.5,0.0,1.5,0.0
1795,0.5,25.0,-1.5,0.0,0.0,-1.5
1801,0.5,25.0,-1.5,1.5,-1.5,-1.5
1798,0.5,25.0,-1.5,0.0,1.5,-1.5
1796,0.5,25.0,-1.5,0.0,0.0,0.0
1800,0.5,25.0,-1.5,0.0,1.5,1.5
1794,0.5,25.0,-1.5,0.0,-1.5,1.5
1803,0.5,25.0,-1.5,1.5,-1.5,1.5
1802,0.5,25.0,-1.5,1.5,-1.5,0.0
1804,0.5,25.0,-1.5,1.5,0.0,-1.5
1807,0.5,25.0,-1.5,1.5,1.5,-1.5
1809,0.5,25.0,-1.5,1.5,1.5,1.5
1805,0.5,25.0,-1.5,1.5,0.0,0.0
1812,0.5,25.0,0.0,-1.5,-1.5,1.5
1811,0.5,25.0,0.0,-1.5,-1.5,0.0
1810,0.5,25.0,0.0,-1.5,-1.5,-1.5
1808,0.5,25.0,-1.5,1.5,1.5,0.0
1813,0.5,25.0,0.0,-1.5,0.0,-1.5
1814,0.5,25.0,0.0,-1.5,0.0,0.0
1806,0.5,25.0,-1.5,1.5,0.0,1.5
1817,0.5,25.0,0.0,-1.5,1.5,0.0
1815,0.5,25.0,0.0,-1.5,0.0,1.5
1822,0.5,25.0,0.0,0.0,0.0,-1.5
1821,0.5,25.0,0.0,0.0,-1.5,1.5
1820,0.5,25.0,0.0,0.0,-1.5,0.0
1819,0.5,25.0,0.0,0.0,-1.5,-1.5
1818,0.5,25.0,0.0,-1.5,1.5,1.5
1826,0.5,25.0,0.0,0.0,1.5,0.0
1823,0.5,25.0,0.0,0.0,0.0,0.0
1824,0.5,25.0,0.0,0.0,0.0,1.5
1816,0.5,25.0,0.0,-1.5,1.5,-1.5
1825,0.5,25.0,0.0,0.0,1.5,-1.5
1828,0.5,25.0,0.0,1.5,-1.5,-1.5
1827,0.5,25.0,0.0,0.0,1.5,1.5
1830,0.5,25.0,0.0,1.5,-1.5,1.5
1832,0.5,25.0,0.0,1.5,0.0,0.0
1829,0.5,25.0,0.0,1.5,-1.5,0.0
1833,0.5,25.0,0.0,1.5,0.0,1.5
1834,0.5,25.0,0.0,1.5,1.5,-1.5
1831,0.5,25.0,0.0,1.5,0.0,-1.5
1839,0.5,25.0,1.5,-1.5,-1.5,1.5
1837,0.5,25.0,1.5,-1.5,-1.5,-1.5
1835,0.5,25.0,0.0,1.5,1.5,0.0
1838,0.5,25.0,1.5,-1.5,-1.5,0.0
1836,0.5,25.0,0.0,1.5,1.5,1.5
1843,0.5,25.0,1.5,-1.5,1.5,-1.5
1841,0.5,25.0,1.5,-1.5,0.0,0.0
1842,0.5,25.0,1.5,-1.5,0.0,1.5
1844,0.5,25.0,1.5,-1.5,1.5,0.0
1849,0.5,25.0,1.5,0.0,0.0,-1.5
1850,0.5,25.0,1.5,0.0,0.0,0.0
1848,0.5,25.0,1.5,0.0,-1.5,1.5
1851,0.5,25.0,1.5,0.0,0.0,1.5
1845,0.5,25.0,1.5,-1.5,1.5,1.5
1840,0.5,25.0,1.5,-1.5,0.0,-1.5
1847,0.5,25.0,1.5,0.0,-1.5,0.0
1852,0.5,25.0,1.5,0.0,1.5,-1.5
1846,0.5,25.0,1.5,0.0,-1.5,-1.5
1854,0.5,25.0,1.5,0.0,1.5,1.5
1857,0.5,25.0,1.5,1.5,-1.5,1.5
1853,0.5,25.0,1.5,0.0,1.5,0.0
1855,0.5,25.0,1.5,1.5,-1.5,-1.5
1859,0.5,25.0,1.5,1.5,0.0,0.0
1856,0.5,25.0,1.5,1.5,-1.5,0.0
1858,0.5,25.0,1.5,1.5,0.0,-1.5
1862,0.5,25.0,1.5,1.5,1.5,0.0
1863,0.5,25.0,1.5,1.5,1.5,1.5
1860,0.5,25.0,1.5,1.5,0.0,1.5
1864,0.5,27.5,-1.5,-1.5,-1.5,-1.5
1865,0.5,27.5,-1.5,-1.5,-1.5,0.0
1867,0.5,27.5,-1.5,-1.5,0.0,-1.5
1866,0.5,27.5,-1.5,-1.5,-1.5,1.5
1861,0.5,25.0,1.5,1.5,1.5,-1.5
1868,0.5,27.5,-1.5,-1.5,0.0,0.0
1869,0.5,27.5,-1.5,-1.5,0.0,1.5
1873,0.5,27.5,-1.5,0.0,-1.5,-1.5
1870,0.5,27.5,-1.5,-1.5,1.5,-1.5
1871,0.5,27.5,-1.5,-1.5,1.5,0.0
1872,0.5,27.5,-1.5,-1.5,1.5,1.5
1875,0.5,27.5,-1.5,0.0,-1.5,1.5
1877,0.5,27.5,-1.5,0.0,0.0,0.0
1874,0.5,27.5,-1.5,0.0,-1.5,0.0
1876,0.5,27.5,-1.5,0.0,0.0,-1.5
1879,0.5,27.5,-1.5,0.0,1.5,-1.5
1878,0.5,27.5,-1.5,0.0,0.0,1.5
1881,0.5,27.5,-1.5,0.0,1.5,1.5
1880,0.5,27.5,-1.5,0.0,1.5,0.0
1885,0.5,27.5,-1.5,1.5,0.0,-1.5
1882,0.5,27.5,-1.5,1.5,-1.5,-1.5
1884,0.5,27.5,-1.5,1.5,-1.5,1.5
1883,0.5,27.5,-1.5,1.5,-1.5,0.0
1886,0.5,27.5,-1.5,1.5,0.0,0.0
1887,0.5,27.5,-1.5,1.5,0.0,1.5
1888,0.5,27.5,-1.5,1.5,1.5,-1.5
1889,0.5,27.5,-1.5,1.5,1.5,0.0
1890,0.5,27.5,-1.5,1.5,1.5,1.5
1891,0.5,27.5,0.0,-1.5,-1.5,-1.5
1895,0.5,27.5,0.0,-1.5,0.0,0.0
1896,0.5,27.5,0.0,-1.5,0.0,1.5
1893,0.5,27.5,0.0,-1.5,-1.5,1.5
1894,0.5,27.5,0.0,-1.5,0.0,-1.5
1892,0.5,27.5,0.0,-1.5,-1.5,0.0
1897,0.5,27.5,0.0,-1.5,1.5,-1.5
1901,0.5,27.5,0.0,0.0,-1.5,0.0
1898,0.5,27.5,0.0,-1.5,1.5,0.0
1899,0.5,27.5,0.0,-1.5,1.5,1.5
1900,0.5,27.5,0.0,0.0,-1.5,-1.5
1905,0.5,27.5,0.0,0.0,0.0,1.5
1902,0.5,27.5,0.0,0.0,-1.5,1.5
1906,0.5,27.5,0.0,0.0,1.5,-1.5
1907,0.5,27.5,0.0,0.0,1.5,0.0
1903,0.5,27.5,0.0,0.0,0.0,-1.5
1904,0.5,27.5,0.0,0.0,0.0,0.0
1908,0.5,27.5,0.0,0.0,1.5,1.5
1909,0.5,27.5,0.0,1.5,-1.5,-1.5
1910,0.5,27.5,0.0,1.5,-1.5,0.0
1911,0.5,27.5,0.0,1.5,-1.5,1.5
1916,0.5,27.5,0.0,1.5,1.5,0.0
1918,0.5,27.5,1.5,-1.5,-1.5,-1.5
1913,0.5,27.5,0.0,1.5,0.0,0.0
1915,0.5,27.5,0.0,1.5,1.5,-1.5
1917,0.5,27.5,0.0,1.5,1.5,1.5
1912,0.5,27.5,0.0,1.5,0.0,-1.5
1914,0.5,27.5,0.0,1.5,0.0,1.5
1920,0.5,27.5,1.5,-1.5,-1.5,1.5
1919,0.5,27.5,1.5,-1.5,-1.5,0.0
1921,0.5,27.5,1.5,-1.5,0.0,-1.5
1922,0.5,27.5,1.5,-1.5,0.0,0.0
1923,0.5,27.5,1.5,-1.5,0.0,1.5
1924,0.5,27.5,1.5,-1.5,1.5,-1.5
1925,0.5,27.5,1.5,-1.5,1.5,0.0
1926,0.5,27.5,1.5,-1.5,1.5,1.5
1928,0.5,27.5,1.5,0.0,-1.5,0.0
1927,0.5,27.5,1.5,0.0,-1.5,-1.5
1931,0.5,27.5,1.5,0.0,0.0,0.0
1929,0.5,27.5,1.5,0.0,-1.5,1.5
1930,0.5,27.5,1.5,0.0,0.0,-1.5
1932,0.5,27.5,1.5,0.0,0.0,1.5
1933,0.5,27.5,1.5,0.0,1.5,-1.5
1934,0.5,27.5,1.5,0.0,1.5,0.0
1940,0.5,27.5,1.5,1.5,0.0,0.0
1942,0.5,27.5,1.5,1.5,1.5,-1.5
1939,0.5,27.5,1.5,1.5,0.0,-1.5
1936,0.5,27.5,1.5,1.5,-1.5,-1.5
1938,0.5,27.5,1.5,1.5,-1.5,1.5
1935,0.5,27.5,1.5,0.0,1.5,1.5
1937,0.5,27.5,1.5,1.5,-1.5,0.0
1943,0.5,27.5,1.5,1.5,1.5,0.0
1941,0.5,27.5,1.5,1.5,0.0,1.5
1944,0.5,27.5,1.5,1.5,1.5,1.5
1947,0.5,30.0,-1.5,-1.5,-1.5,1.5
1945,0.5,30.0,-1.5,-1.5,-1.5,-1.5
1946,0.5,30.0,-1.5,-1.5,-1.5,0.0
1948,0.5,30.0,-1.5,-1.5,0.0,-1.5
1949,0.5,30.0,-1.5,-1.5,0.0,0.0
1952,0.5,30.0,-1.5,-1.5,1.5,0.0
1951,0.5,30.0,-1.5,-1.5,1.5,-1.5
1950,0.5,30.0,-1.5,-1.5,0.0,1.5
1953,0.5,30.0,-1.5,-1.5,1.5,1.5
1955,0.5,30.0,-1.5,0.0,-1.5,0.0
1956,0.5,30.0,-1.5,0.0,-1.5,1.5
1954,0.5,30.0,-1.5,0.0,-1.5,-1.5
1957,0.5,30.0,-1.5,0.0,0.0,-1.5
1958,0.5,30.0,-1.5,0.0,0.0,0.0
1960,0.5,30.0,-1.5,0.0,1.5,-1.5
1959,0.5,30.0,-1.5,0.0,0.0,1.5
1963,0.5,30.0,-1.5,1.5,-1.5,-1.5
1961,0.5,30.0,-1.5,0.0,1.5,0.0
1965,0.5,30.0,-1.5,1.5,-1.5,1.5
1964,0.5,30.0,-1.5,1.5,-1.5,0.0
1968,0.5,30.0,-1.5,1.5,0.0,1.5
1966,0.5,30.0,-1.5,1.5,0.0,-1.5
1969,0.5,30.0,-1.5,1.5,1.5,-1.5
1967,0.5,30.0,-1.5,1.5,0.0,0.0
1973,0.5,30.0,0.0,-1.5,-1.5,0.0
1962,0.5,30.0,-1.5,0.0,1.5,1.5
1972,0.5,30.0,0.0,-1.5,-1.5,-1.5
1974,0.5,30.0,0.0,-1.5,-1.5,1.5
1971,0.5,30.0,-1.5,1.5,1.5,1.5
1970,0.5,30.0,-1.5,1.5,1.5,0.0
1975,0.5,30.0,0.0,-1.5,0.0,-1.5
1976,0.5,30.0,0.0,-1.5,0.0,0.0
1978,0.5,30.0,0.0,-1.5,1.5,-1.5
1979,0.5,30.0,0.0,-1.5,1.5,0.0
1977,0.5,30.0,0.0,-1.5,0.0,1.5
1980,0.5,30.0,0.0,-1.5,1.5,1.5
1981,0.5,30.0,0.0,0.0,-1.5,-1.5
1982,0.5,30.0,0.0,0.0,-1.5,0.0
1983,0.5,30.0,0.0,0.0,-1.5,1.5
1984,0.5,30.0,0.0,0.0,0.0,-1.5
1985,0.5,30.0,0.0,0.0,0.0,0.0
1986,0.5,30.0,0.0,0.0,0.0,1.5
1987,0.5,30.0,0.0,0.0,1.5,-1.5
1988,0.5,30.0,0.0,0.0,1.5,0.0
1990,0.5,30.0,0.0,1.5,-1.5,-1.5
1992,0.5,30.0,0.0,1.5,-1.5,1.5
1989,0.5,30.0,0.0,0.0,1.5,1.5
1993,0.5,30.0,0.0,1.5,0.0,-1.5
1991,0.5,30.0,0.0,1.5,-1.5,0.0
1994,0.5,30.0,0.0,1.5,0.0,0.0
1995,0.5,30.0,0.0,1.5,0.0,1.5
1999,0.5,30.0,1.5,-1.5,-1.5,-1.5
1996,0.5,30.0,0.0,1.5,1.5,-1.5
1997,0.5,30.0,0.0,1.5,1.5,0.0
1998,0.5,30.0,0.0,1.5,1.5,1.5
2002,0.5,30.0,1.5,-1.5,0.0,-1.5
2000,0.5,30.0,1.5,-1.5,-1.5,0.0
2003,0.5,30.0,1.5,-1.5,0.0,0.0
2004,0.5,30.0,1.5,-1.5,0.0,1.5
2006,0.5,30.0,1.5,-1.5,1.5,0.0
2008,0.5,30.0,1.5,0.0,-1.5,-1.5
2005,0.5,30.0,1.5,-1.5,1.5,-1.5
2007,0.5,30.0,1.5,-1.5,1.5,1.5
2001,0.5,30.0,1.5,-1.5,-1.5,1.5
2009,0.5,30.0,1.5,0.0,-1.5,0.0
2010,0.5,30.0,1.5,0.0,-1.5,1.5
2012,0.5,30.0,1.5,0.0,0.0,0.0
2013,0.5,30.0,1.5,0.0,0.0,1.5
2011,0.5,30.0,1.5,0.0,0.0,-1.5
2014,0.5,30.0,1.5,0.0,1.5,-1.5
2015,0.5,30.0,1.5,0.0,1.5,0.0
2016,0.5,30.0,1.5,0.0,1.5,1.5
2017,0.5,30.0,1.5,1.5,-1.5,-1.5
2018,0.5,30.0,1.5,1.5,-1.5,0.0
2021,0.5,30.0,1.5,1.5,0.0,0.0
2023,0.5,30.0,1.5,1.5,1.5,-1.5
2020,0.5,30.0,1.5,1.5,0.0,-1.5
2019,0.5,30.0,1.5,1.5,-1.5,1.5
2024,0.5,30.0,1.5,1.5,1.5,0.0
2022,0.5,30.0,1.5,1.5,0.0,1.5
2025,0.5,30.0,1.5,1.5,1.5,1.5
